ATP metabolic process	4.64082121632712e-69	FBgn0000064,FBgn0000409,FBgn0000579,FBgn0001091,FBgn0001092,FBgn0001186,FBgn0001989,FBgn0003071,FBgn0003074,FBgn0003360,FBgn0005671,FBgn0010217,FBgn0010612,FBgn0011211,FBgn0011227,FBgn0011361,FBgn0011455,FBgn0013672,FBgn0013673,FBgn0013674,FBgn0013675,FBgn0013678,FBgn0014391,FBgn0014869,FBgn0015031,FBgn0016119,FBgn0016120,FBgn0016691,FBgn0017566,FBgn0017567,FBgn0019644,FBgn0019957,FBgn0020235,FBgn0021906,FBgn0021967,FBgn0025839,FBgn0028342,FBgn0029868,FBgn0029888,FBgn0030605,FBgn0030718,FBgn0030853,FBgn0031228,FBgn0031436,FBgn0031505,FBgn0031771,FBgn0032511,FBgn0033274,FBgn0033570,FBgn0033961,FBgn0034245,FBgn0034645,FBgn0034877,FBgn0035046,FBgn0035600,FBgn0036728,FBgn0037001,FBgn0038224,FBgn0038271,FBgn0039830,FBgn0039909,FBgn0040529,FBgn0047038,FBgn0052230,FBgn0086355,FBgn0250814,FBgn0250906,FBgn0260008,FBgn0262952,FBgn0265262,FBgn0267385	GO:0046034
purine nucleoside triphosphate metabolic process	7.067511638258413e-68	FBgn0000064,FBgn0000409,FBgn0000579,FBgn0001091,FBgn0001092,FBgn0001186,FBgn0001989,FBgn0003071,FBgn0003074,FBgn0003360,FBgn0005671,FBgn0010217,FBgn0010612,FBgn0011211,FBgn0011227,FBgn0011361,FBgn0011455,FBgn0013672,FBgn0013673,FBgn0013674,FBgn0013675,FBgn0013678,FBgn0014391,FBgn0014869,FBgn0015031,FBgn0016119,FBgn0016120,FBgn0016691,FBgn0017566,FBgn0017567,FBgn0019644,FBgn0019957,FBgn0020235,FBgn0021906,FBgn0021967,FBgn0025839,FBgn0028342,FBgn0029868,FBgn0029888,FBgn0030605,FBgn0030718,FBgn0030853,FBgn0031228,FBgn0031436,FBgn0031505,FBgn0031771,FBgn0032511,FBgn0033274,FBgn0033570,FBgn0033961,FBgn0034245,FBgn0034645,FBgn0034877,FBgn0035046,FBgn0035600,FBgn0036728,FBgn0037001,FBgn0038224,FBgn0038271,FBgn0039830,FBgn0039909,FBgn0040529,FBgn0047038,FBgn0052230,FBgn0086355,FBgn0250814,FBgn0250906,FBgn0260008,FBgn0262952,FBgn0265262,FBgn0267385	GO:0009144
purine ribonucleoside triphosphate metabolic process	7.067511638258413e-68	FBgn0000064,FBgn0000409,FBgn0000579,FBgn0001091,FBgn0001092,FBgn0001186,FBgn0001989,FBgn0003071,FBgn0003074,FBgn0003360,FBgn0005671,FBgn0010217,FBgn0010612,FBgn0011211,FBgn0011227,FBgn0011361,FBgn0011455,FBgn0013672,FBgn0013673,FBgn0013674,FBgn0013675,FBgn0013678,FBgn0014391,FBgn0014869,FBgn0015031,FBgn0016119,FBgn0016120,FBgn0016691,FBgn0017566,FBgn0017567,FBgn0019644,FBgn0019957,FBgn0020235,FBgn0021906,FBgn0021967,FBgn0025839,FBgn0028342,FBgn0029868,FBgn0029888,FBgn0030605,FBgn0030718,FBgn0030853,FBgn0031228,FBgn0031436,FBgn0031505,FBgn0031771,FBgn0032511,FBgn0033274,FBgn0033570,FBgn0033961,FBgn0034245,FBgn0034645,FBgn0034877,FBgn0035046,FBgn0035600,FBgn0036728,FBgn0037001,FBgn0038224,FBgn0038271,FBgn0039830,FBgn0039909,FBgn0040529,FBgn0047038,FBgn0052230,FBgn0086355,FBgn0250814,FBgn0250906,FBgn0260008,FBgn0262952,FBgn0265262,FBgn0267385	GO:0009205
ribonucleoside triphosphate metabolic process	1.3711491827170936e-67	FBgn0000064,FBgn0000409,FBgn0000579,FBgn0001091,FBgn0001092,FBgn0001186,FBgn0001989,FBgn0003071,FBgn0003074,FBgn0003360,FBgn0005671,FBgn0010217,FBgn0010612,FBgn0011211,FBgn0011227,FBgn0011361,FBgn0011455,FBgn0013672,FBgn0013673,FBgn0013674,FBgn0013675,FBgn0013678,FBgn0014391,FBgn0014869,FBgn0015031,FBgn0016119,FBgn0016120,FBgn0016691,FBgn0017566,FBgn0017567,FBgn0019644,FBgn0019957,FBgn0020235,FBgn0021906,FBgn0021967,FBgn0025839,FBgn0028342,FBgn0029868,FBgn0029888,FBgn0030605,FBgn0030718,FBgn0030853,FBgn0031228,FBgn0031436,FBgn0031505,FBgn0031771,FBgn0032511,FBgn0033274,FBgn0033570,FBgn0033961,FBgn0034245,FBgn0034645,FBgn0034877,FBgn0035046,FBgn0035600,FBgn0036728,FBgn0037001,FBgn0038224,FBgn0038271,FBgn0039830,FBgn0039909,FBgn0040529,FBgn0047038,FBgn0052230,FBgn0086355,FBgn0250814,FBgn0250906,FBgn0260008,FBgn0262952,FBgn0265262,FBgn0267385	GO:0009199
nucleoside triphosphate metabolic process	9.6232949464541e-67	FBgn0000064,FBgn0000409,FBgn0000579,FBgn0001091,FBgn0001092,FBgn0001186,FBgn0001989,FBgn0003071,FBgn0003074,FBgn0003360,FBgn0005671,FBgn0010217,FBgn0010612,FBgn0011211,FBgn0011227,FBgn0011361,FBgn0011455,FBgn0013672,FBgn0013673,FBgn0013674,FBgn0013675,FBgn0013678,FBgn0014391,FBgn0014869,FBgn0015031,FBgn0016119,FBgn0016120,FBgn0016691,FBgn0017566,FBgn0017567,FBgn0019644,FBgn0019957,FBgn0020235,FBgn0021906,FBgn0021967,FBgn0025839,FBgn0028342,FBgn0029868,FBgn0029888,FBgn0030605,FBgn0030718,FBgn0030853,FBgn0031228,FBgn0031436,FBgn0031505,FBgn0031771,FBgn0032511,FBgn0033274,FBgn0033570,FBgn0033961,FBgn0034245,FBgn0034645,FBgn0034877,FBgn0035046,FBgn0035600,FBgn0036728,FBgn0037001,FBgn0038224,FBgn0038271,FBgn0039830,FBgn0039909,FBgn0040529,FBgn0047038,FBgn0052230,FBgn0086355,FBgn0250814,FBgn0250906,FBgn0260008,FBgn0262952,FBgn0265262,FBgn0267385	GO:0009141
ribonucleoside monophosphate metabolic process	2.1651884060235364e-65	FBgn0000064,FBgn0000409,FBgn0000579,FBgn0001091,FBgn0001092,FBgn0001186,FBgn0001989,FBgn0003071,FBgn0003074,FBgn0003360,FBgn0005671,FBgn0010217,FBgn0010612,FBgn0011211,FBgn0011227,FBgn0011361,FBgn0011455,FBgn0013672,FBgn0013673,FBgn0013674,FBgn0013675,FBgn0013678,FBgn0014391,FBgn0014869,FBgn0015031,FBgn0016119,FBgn0016120,FBgn0016691,FBgn0017566,FBgn0017567,FBgn0019644,FBgn0019957,FBgn0020235,FBgn0021906,FBgn0021967,FBgn0025839,FBgn0028342,FBgn0029868,FBgn0029888,FBgn0030605,FBgn0030718,FBgn0030853,FBgn0031228,FBgn0031436,FBgn0031505,FBgn0031771,FBgn0032511,FBgn0033274,FBgn0033570,FBgn0033961,FBgn0034245,FBgn0034645,FBgn0034877,FBgn0035046,FBgn0035600,FBgn0036728,FBgn0037001,FBgn0038224,FBgn0038271,FBgn0039830,FBgn0039909,FBgn0040529,FBgn0047038,FBgn0052230,FBgn0086355,FBgn0250814,FBgn0250906,FBgn0260008,FBgn0262952,FBgn0263398,FBgn0265262,FBgn0267385	GO:0009161
purine nucleoside monophosphate metabolic process	2.180812109678906e-65	FBgn0000064,FBgn0000409,FBgn0000579,FBgn0001091,FBgn0001092,FBgn0001186,FBgn0001989,FBgn0003071,FBgn0003074,FBgn0003360,FBgn0005671,FBgn0010217,FBgn0010612,FBgn0011211,FBgn0011227,FBgn0011361,FBgn0011455,FBgn0013672,FBgn0013673,FBgn0013674,FBgn0013675,FBgn0013678,FBgn0014391,FBgn0014869,FBgn0015031,FBgn0016119,FBgn0016120,FBgn0016691,FBgn0017566,FBgn0017567,FBgn0019644,FBgn0019957,FBgn0020235,FBgn0021906,FBgn0021967,FBgn0025839,FBgn0028342,FBgn0029868,FBgn0029888,FBgn0030605,FBgn0030718,FBgn0030853,FBgn0031228,FBgn0031436,FBgn0031505,FBgn0031771,FBgn0032511,FBgn0033274,FBgn0033570,FBgn0033961,FBgn0034245,FBgn0034645,FBgn0034877,FBgn0035046,FBgn0035600,FBgn0036728,FBgn0037001,FBgn0038224,FBgn0038271,FBgn0039830,FBgn0039909,FBgn0040529,FBgn0047038,FBgn0052230,FBgn0086355,FBgn0250814,FBgn0250906,FBgn0260008,FBgn0262952,FBgn0265262,FBgn0267385	GO:0009126
purine ribonucleoside monophosphate metabolic process	2.180812109678906e-65	FBgn0000064,FBgn0000409,FBgn0000579,FBgn0001091,FBgn0001092,FBgn0001186,FBgn0001989,FBgn0003071,FBgn0003074,FBgn0003360,FBgn0005671,FBgn0010217,FBgn0010612,FBgn0011211,FBgn0011227,FBgn0011361,FBgn0011455,FBgn0013672,FBgn0013673,FBgn0013674,FBgn0013675,FBgn0013678,FBgn0014391,FBgn0014869,FBgn0015031,FBgn0016119,FBgn0016120,FBgn0016691,FBgn0017566,FBgn0017567,FBgn0019644,FBgn0019957,FBgn0020235,FBgn0021906,FBgn0021967,FBgn0025839,FBgn0028342,FBgn0029868,FBgn0029888,FBgn0030605,FBgn0030718,FBgn0030853,FBgn0031228,FBgn0031436,FBgn0031505,FBgn0031771,FBgn0032511,FBgn0033274,FBgn0033570,FBgn0033961,FBgn0034245,FBgn0034645,FBgn0034877,FBgn0035046,FBgn0035600,FBgn0036728,FBgn0037001,FBgn0038224,FBgn0038271,FBgn0039830,FBgn0039909,FBgn0040529,FBgn0047038,FBgn0052230,FBgn0086355,FBgn0250814,FBgn0250906,FBgn0260008,FBgn0262952,FBgn0265262,FBgn0267385	GO:0009167
nucleoside monophosphate metabolic process	3.885356931350718e-65	FBgn0000064,FBgn0000409,FBgn0000579,FBgn0001091,FBgn0001092,FBgn0001186,FBgn0001989,FBgn0003071,FBgn0003074,FBgn0003360,FBgn0005671,FBgn0010217,FBgn0010612,FBgn0011211,FBgn0011227,FBgn0011361,FBgn0011455,FBgn0013672,FBgn0013673,FBgn0013674,FBgn0013675,FBgn0013678,FBgn0014391,FBgn0014869,FBgn0015031,FBgn0016119,FBgn0016120,FBgn0016691,FBgn0017566,FBgn0017567,FBgn0019644,FBgn0019957,FBgn0020235,FBgn0021906,FBgn0021967,FBgn0025839,FBgn0028342,FBgn0029868,FBgn0029888,FBgn0030605,FBgn0030718,FBgn0030853,FBgn0031228,FBgn0031436,FBgn0031505,FBgn0031771,FBgn0032511,FBgn0033274,FBgn0033570,FBgn0033961,FBgn0034245,FBgn0034645,FBgn0034877,FBgn0035046,FBgn0035600,FBgn0036728,FBgn0037001,FBgn0038224,FBgn0038271,FBgn0039830,FBgn0039909,FBgn0040529,FBgn0047038,FBgn0052230,FBgn0086355,FBgn0250814,FBgn0250906,FBgn0260008,FBgn0262952,FBgn0263398,FBgn0265262,FBgn0267385	GO:0009123
purine ribonucleoside metabolic process	1.512307321281056e-60	FBgn0000064,FBgn0000409,FBgn0000579,FBgn0001091,FBgn0001092,FBgn0001186,FBgn0001989,FBgn0003071,FBgn0003074,FBgn0003360,FBgn0005671,FBgn0010217,FBgn0010612,FBgn0011211,FBgn0011227,FBgn0011361,FBgn0011455,FBgn0013672,FBgn0013673,FBgn0013674,FBgn0013675,FBgn0013678,FBgn0014391,FBgn0014869,FBgn0015031,FBgn0016119,FBgn0016120,FBgn0016691,FBgn0017566,FBgn0017567,FBgn0019644,FBgn0019957,FBgn0020235,FBgn0021906,FBgn0021967,FBgn0025839,FBgn0028342,FBgn0029868,FBgn0029888,FBgn0030605,FBgn0030718,FBgn0030853,FBgn0031228,FBgn0031436,FBgn0031505,FBgn0031771,FBgn0032511,FBgn0033274,FBgn0033570,FBgn0033961,FBgn0034245,FBgn0034645,FBgn0034877,FBgn0035046,FBgn0035600,FBgn0036728,FBgn0037001,FBgn0038224,FBgn0038271,FBgn0039830,FBgn0039909,FBgn0040529,FBgn0047038,FBgn0052230,FBgn0086355,FBgn0250814,FBgn0250906,FBgn0260008,FBgn0262952,FBgn0265262,FBgn0267385	GO:0046128
ribonucleoside metabolic process	2.844249934795693e-60	FBgn0000064,FBgn0000409,FBgn0000579,FBgn0001091,FBgn0001092,FBgn0001186,FBgn0001989,FBgn0003071,FBgn0003074,FBgn0003360,FBgn0005671,FBgn0010217,FBgn0010612,FBgn0011211,FBgn0011227,FBgn0011361,FBgn0011455,FBgn0013672,FBgn0013673,FBgn0013674,FBgn0013675,FBgn0013678,FBgn0014391,FBgn0014869,FBgn0015031,FBgn0016119,FBgn0016120,FBgn0016691,FBgn0017566,FBgn0017567,FBgn0019644,FBgn0019957,FBgn0020235,FBgn0021906,FBgn0021967,FBgn0025839,FBgn0028342,FBgn0029868,FBgn0029888,FBgn0030605,FBgn0030718,FBgn0030853,FBgn0031228,FBgn0031436,FBgn0031505,FBgn0031771,FBgn0032511,FBgn0033274,FBgn0033570,FBgn0033961,FBgn0034245,FBgn0034645,FBgn0034877,FBgn0035046,FBgn0035600,FBgn0036728,FBgn0037001,FBgn0038224,FBgn0038271,FBgn0039830,FBgn0039909,FBgn0040529,FBgn0047038,FBgn0052230,FBgn0086355,FBgn0250814,FBgn0250906,FBgn0260008,FBgn0262952,FBgn0263398,FBgn0265262,FBgn0267385	GO:0009119
purine nucleoside metabolic process	6.880582905450179e-60	FBgn0000064,FBgn0000409,FBgn0000579,FBgn0001091,FBgn0001092,FBgn0001186,FBgn0001989,FBgn0003071,FBgn0003074,FBgn0003360,FBgn0005671,FBgn0010217,FBgn0010612,FBgn0011211,FBgn0011227,FBgn0011361,FBgn0011455,FBgn0013672,FBgn0013673,FBgn0013674,FBgn0013675,FBgn0013678,FBgn0014391,FBgn0014869,FBgn0015031,FBgn0016119,FBgn0016120,FBgn0016691,FBgn0017566,FBgn0017567,FBgn0019644,FBgn0019957,FBgn0020235,FBgn0021906,FBgn0021967,FBgn0025839,FBgn0028342,FBgn0029868,FBgn0029888,FBgn0030605,FBgn0030718,FBgn0030853,FBgn0031228,FBgn0031436,FBgn0031505,FBgn0031771,FBgn0032511,FBgn0033274,FBgn0033570,FBgn0033961,FBgn0034245,FBgn0034645,FBgn0034877,FBgn0035046,FBgn0035600,FBgn0036728,FBgn0037001,FBgn0038224,FBgn0038271,FBgn0039830,FBgn0039909,FBgn0040529,FBgn0047038,FBgn0052230,FBgn0086355,FBgn0250814,FBgn0250906,FBgn0260008,FBgn0262952,FBgn0265262,FBgn0267385	GO:0042278
glycosyl compound metabolic process	1.1284315274665961e-59	FBgn0000064,FBgn0000409,FBgn0000579,FBgn0001091,FBgn0001092,FBgn0001186,FBgn0001989,FBgn0003071,FBgn0003074,FBgn0003360,FBgn0005671,FBgn0010217,FBgn0010612,FBgn0011211,FBgn0011227,FBgn0011361,FBgn0011455,FBgn0013672,FBgn0013673,FBgn0013674,FBgn0013675,FBgn0013678,FBgn0014391,FBgn0014869,FBgn0015031,FBgn0016119,FBgn0016120,FBgn0016691,FBgn0017566,FBgn0017567,FBgn0019644,FBgn0019957,FBgn0020235,FBgn0021906,FBgn0021967,FBgn0025839,FBgn0028342,FBgn0028916,FBgn0029868,FBgn0029888,FBgn0030605,FBgn0030718,FBgn0030853,FBgn0031228,FBgn0031436,FBgn0031505,FBgn0031771,FBgn0032511,FBgn0033274,FBgn0033570,FBgn0033961,FBgn0034245,FBgn0034645,FBgn0034877,FBgn0035046,FBgn0035600,FBgn0036728,FBgn0037001,FBgn0038224,FBgn0038271,FBgn0039464,FBgn0039830,FBgn0039909,FBgn0040529,FBgn0047038,FBgn0052230,FBgn0086355,FBgn0250814,FBgn0250906,FBgn0260008,FBgn0262952,FBgn0263398,FBgn0265262,FBgn0267385	GO:1901657
nucleoside metabolic process	4.7917073944768894e-59	FBgn0000064,FBgn0000409,FBgn0000579,FBgn0001091,FBgn0001092,FBgn0001186,FBgn0001989,FBgn0003071,FBgn0003074,FBgn0003360,FBgn0005671,FBgn0010217,FBgn0010612,FBgn0011211,FBgn0011227,FBgn0011361,FBgn0011455,FBgn0013672,FBgn0013673,FBgn0013674,FBgn0013675,FBgn0013678,FBgn0014391,FBgn0014869,FBgn0015031,FBgn0016119,FBgn0016120,FBgn0016691,FBgn0017566,FBgn0017567,FBgn0019644,FBgn0019957,FBgn0020235,FBgn0021906,FBgn0021967,FBgn0025839,FBgn0028342,FBgn0029868,FBgn0029888,FBgn0030605,FBgn0030718,FBgn0030853,FBgn0031228,FBgn0031436,FBgn0031505,FBgn0031771,FBgn0032511,FBgn0033274,FBgn0033570,FBgn0033961,FBgn0034245,FBgn0034645,FBgn0034877,FBgn0035046,FBgn0035600,FBgn0036728,FBgn0037001,FBgn0038224,FBgn0038271,FBgn0039464,FBgn0039830,FBgn0039909,FBgn0040529,FBgn0047038,FBgn0052230,FBgn0086355,FBgn0250814,FBgn0250906,FBgn0260008,FBgn0262952,FBgn0263398,FBgn0265262,FBgn0267385	GO:0009116
ribonucleotide metabolic process	6.9988917857786e-56	FBgn0000064,FBgn0000409,FBgn0000579,FBgn0001091,FBgn0001092,FBgn0001186,FBgn0001989,FBgn0003071,FBgn0003074,FBgn0003360,FBgn0005671,FBgn0010217,FBgn0010612,FBgn0011211,FBgn0011227,FBgn0011361,FBgn0011455,FBgn0013672,FBgn0013673,FBgn0013674,FBgn0013675,FBgn0013678,FBgn0013972,FBgn0014391,FBgn0014869,FBgn0015031,FBgn0016119,FBgn0016120,FBgn0016691,FBgn0017566,FBgn0017567,FBgn0019644,FBgn0019957,FBgn0020235,FBgn0021906,FBgn0021967,FBgn0025839,FBgn0028342,FBgn0029868,FBgn0029888,FBgn0030605,FBgn0030718,FBgn0030853,FBgn0031228,FBgn0031436,FBgn0031505,FBgn0031771,FBgn0032511,FBgn0033274,FBgn0033570,FBgn0033961,FBgn0034245,FBgn0034645,FBgn0034877,FBgn0035046,FBgn0035600,FBgn0036728,FBgn0037001,FBgn0038224,FBgn0038271,FBgn0039830,FBgn0039909,FBgn0040529,FBgn0047038,FBgn0052230,FBgn0086355,FBgn0250814,FBgn0250906,FBgn0260008,FBgn0262952,FBgn0263398,FBgn0265262,FBgn0267385	GO:0009259
purine ribonucleotide metabolic process	2.0758769843513453e-55	FBgn0000064,FBgn0000409,FBgn0000579,FBgn0001091,FBgn0001092,FBgn0001186,FBgn0001989,FBgn0003071,FBgn0003074,FBgn0003360,FBgn0005671,FBgn0010217,FBgn0010612,FBgn0011211,FBgn0011227,FBgn0011361,FBgn0011455,FBgn0013672,FBgn0013673,FBgn0013674,FBgn0013675,FBgn0013678,FBgn0013972,FBgn0014391,FBgn0014869,FBgn0015031,FBgn0016119,FBgn0016120,FBgn0016691,FBgn0017566,FBgn0017567,FBgn0019644,FBgn0019957,FBgn0020235,FBgn0021906,FBgn0021967,FBgn0025839,FBgn0028342,FBgn0029868,FBgn0029888,FBgn0030605,FBgn0030718,FBgn0030853,FBgn0031228,FBgn0031436,FBgn0031505,FBgn0031771,FBgn0032511,FBgn0033274,FBgn0033570,FBgn0033961,FBgn0034245,FBgn0034645,FBgn0034877,FBgn0035046,FBgn0035600,FBgn0036728,FBgn0037001,FBgn0038224,FBgn0038271,FBgn0039830,FBgn0039909,FBgn0040529,FBgn0047038,FBgn0052230,FBgn0086355,FBgn0250814,FBgn0250906,FBgn0260008,FBgn0262952,FBgn0265262,FBgn0267385	GO:0009150
ribose phosphate metabolic process	7.61223102650083e-55	FBgn0000064,FBgn0000409,FBgn0000579,FBgn0001091,FBgn0001092,FBgn0001186,FBgn0001989,FBgn0003071,FBgn0003074,FBgn0003360,FBgn0005671,FBgn0010217,FBgn0010612,FBgn0011211,FBgn0011227,FBgn0011361,FBgn0011455,FBgn0013672,FBgn0013673,FBgn0013674,FBgn0013675,FBgn0013678,FBgn0013972,FBgn0014391,FBgn0014869,FBgn0015031,FBgn0016119,FBgn0016120,FBgn0016691,FBgn0017566,FBgn0017567,FBgn0019644,FBgn0019957,FBgn0020235,FBgn0021906,FBgn0021967,FBgn0025839,FBgn0028342,FBgn0029868,FBgn0029888,FBgn0030605,FBgn0030718,FBgn0030853,FBgn0031228,FBgn0031436,FBgn0031505,FBgn0031771,FBgn0032511,FBgn0033274,FBgn0033570,FBgn0033961,FBgn0034245,FBgn0034645,FBgn0034877,FBgn0035046,FBgn0035600,FBgn0036728,FBgn0037001,FBgn0038224,FBgn0038271,FBgn0039830,FBgn0039909,FBgn0040529,FBgn0047038,FBgn0052230,FBgn0086355,FBgn0250814,FBgn0250906,FBgn0260008,FBgn0262952,FBgn0263398,FBgn0265262,FBgn0267385	GO:0019693
generation of precursor metabolites and energy	9.345940047820472e-55	FBgn0000064,FBgn0000409,FBgn0000579,FBgn0001091,FBgn0001092,FBgn0001128,FBgn0001186,FBgn0001989,FBgn0003071,FBgn0003074,FBgn0004507,FBgn0004888,FBgn0010100,FBgn0011211,FBgn0011227,FBgn0011361,FBgn0011455,FBgn0013674,FBgn0013675,FBgn0013676,FBgn0013678,FBgn0014869,FBgn0015031,FBgn0017566,FBgn0017567,FBgn0019957,FBgn0021906,FBgn0021967,FBgn0025839,FBgn0027291,FBgn0027785,FBgn0029868,FBgn0029888,FBgn0030605,FBgn0030718,FBgn0030853,FBgn0031021,FBgn0031228,FBgn0031436,FBgn0031505,FBgn0031771,FBgn0032511,FBgn0033274,FBgn0033570,FBgn0033961,FBgn0034245,FBgn0034645,FBgn0034877,FBgn0035046,FBgn0035600,FBgn0036728,FBgn0036762,FBgn0037001,FBgn0037643,FBgn0037891,FBgn0038271,FBgn0038922,FBgn0039358,FBgn0039909,FBgn0040529,FBgn0047038,FBgn0052230,FBgn0086355,FBgn0250814,FBgn0250906,FBgn0260008,FBgn0262952,FBgn0267385	GO:0006091
purine nucleotide metabolic process	1.0508457030726034e-54	FBgn0000064,FBgn0000409,FBgn0000579,FBgn0001091,FBgn0001092,FBgn0001186,FBgn0001989,FBgn0003071,FBgn0003074,FBgn0003360,FBgn0005671,FBgn0010217,FBgn0010612,FBgn0011211,FBgn0011227,FBgn0011361,FBgn0011455,FBgn0013672,FBgn0013673,FBgn0013674,FBgn0013675,FBgn0013678,FBgn0013972,FBgn0014391,FBgn0014869,FBgn0015031,FBgn0016119,FBgn0016120,FBgn0016691,FBgn0017566,FBgn0017567,FBgn0019644,FBgn0019957,FBgn0020235,FBgn0021906,FBgn0021967,FBgn0025839,FBgn0028342,FBgn0029868,FBgn0029888,FBgn0030605,FBgn0030718,FBgn0030853,FBgn0031228,FBgn0031436,FBgn0031505,FBgn0031771,FBgn0032511,FBgn0033274,FBgn0033570,FBgn0033961,FBgn0034245,FBgn0034645,FBgn0034877,FBgn0035046,FBgn0035600,FBgn0036728,FBgn0037001,FBgn0038224,FBgn0038271,FBgn0039830,FBgn0039909,FBgn0040529,FBgn0047038,FBgn0052230,FBgn0086355,FBgn0250814,FBgn0250906,FBgn0260008,FBgn0262952,FBgn0265262,FBgn0267385	GO:0006163
nucleotide metabolic process	1.1656342043525345e-51	FBgn0000064,FBgn0000409,FBgn0000579,FBgn0001091,FBgn0001092,FBgn0001128,FBgn0001186,FBgn0001989,FBgn0003071,FBgn0003074,FBgn0003360,FBgn0005671,FBgn0010217,FBgn0010612,FBgn0011211,FBgn0011227,FBgn0011361,FBgn0011455,FBgn0013672,FBgn0013673,FBgn0013674,FBgn0013675,FBgn0013678,FBgn0013972,FBgn0014391,FBgn0014869,FBgn0015031,FBgn0016119,FBgn0016120,FBgn0016691,FBgn0017566,FBgn0017567,FBgn0019644,FBgn0019957,FBgn0020235,FBgn0021906,FBgn0021967,FBgn0025839,FBgn0028342,FBgn0029868,FBgn0029888,FBgn0030605,FBgn0030718,FBgn0030853,FBgn0031228,FBgn0031436,FBgn0031505,FBgn0031771,FBgn0032511,FBgn0033274,FBgn0033570,FBgn0033961,FBgn0034245,FBgn0034645,FBgn0034877,FBgn0035046,FBgn0035600,FBgn0036728,FBgn0037001,FBgn0038224,FBgn0038271,FBgn0039254,FBgn0039464,FBgn0039830,FBgn0039909,FBgn0040529,FBgn0047038,FBgn0052230,FBgn0086355,FBgn0250814,FBgn0250906,FBgn0260008,FBgn0262952,FBgn0263398,FBgn0265262,FBgn0267385	GO:0009117
nucleoside phosphate metabolic process	3.0268341646925365e-51	FBgn0000064,FBgn0000409,FBgn0000579,FBgn0001091,FBgn0001092,FBgn0001128,FBgn0001186,FBgn0001989,FBgn0003071,FBgn0003074,FBgn0003360,FBgn0005671,FBgn0010217,FBgn0010612,FBgn0011211,FBgn0011227,FBgn0011361,FBgn0011455,FBgn0013672,FBgn0013673,FBgn0013674,FBgn0013675,FBgn0013678,FBgn0013972,FBgn0014391,FBgn0014869,FBgn0015031,FBgn0016119,FBgn0016120,FBgn0016691,FBgn0017566,FBgn0017567,FBgn0019644,FBgn0019957,FBgn0020235,FBgn0021906,FBgn0021967,FBgn0025839,FBgn0028342,FBgn0029868,FBgn0029888,FBgn0030605,FBgn0030718,FBgn0030853,FBgn0031228,FBgn0031436,FBgn0031505,FBgn0031771,FBgn0032511,FBgn0033274,FBgn0033570,FBgn0033961,FBgn0034245,FBgn0034645,FBgn0034877,FBgn0035046,FBgn0035600,FBgn0036728,FBgn0037001,FBgn0038224,FBgn0038271,FBgn0039254,FBgn0039464,FBgn0039830,FBgn0039909,FBgn0040529,FBgn0047038,FBgn0052230,FBgn0086355,FBgn0250814,FBgn0250906,FBgn0260008,FBgn0262952,FBgn0263398,FBgn0265262,FBgn0267385	GO:0006753
purine-containing compound metabolic process	4.0036910128551167e-51	FBgn0000064,FBgn0000409,FBgn0000579,FBgn0001091,FBgn0001092,FBgn0001186,FBgn0001989,FBgn0003071,FBgn0003074,FBgn0003360,FBgn0005671,FBgn0010217,FBgn0010612,FBgn0011211,FBgn0011227,FBgn0011361,FBgn0011455,FBgn0013672,FBgn0013673,FBgn0013674,FBgn0013675,FBgn0013678,FBgn0013972,FBgn0014391,FBgn0014869,FBgn0015031,FBgn0016119,FBgn0016120,FBgn0016691,FBgn0017566,FBgn0017567,FBgn0019644,FBgn0019957,FBgn0020235,FBgn0021906,FBgn0021967,FBgn0025839,FBgn0028342,FBgn0029868,FBgn0029888,FBgn0030605,FBgn0030718,FBgn0030853,FBgn0031228,FBgn0031436,FBgn0031505,FBgn0031771,FBgn0032511,FBgn0033274,FBgn0033570,FBgn0033961,FBgn0034245,FBgn0034645,FBgn0034877,FBgn0035046,FBgn0035600,FBgn0036728,FBgn0037001,FBgn0038224,FBgn0038271,FBgn0039830,FBgn0039909,FBgn0040529,FBgn0047038,FBgn0052230,FBgn0086355,FBgn0250814,FBgn0250906,FBgn0260008,FBgn0262952,FBgn0265262,FBgn0267385	GO:0072521
nucleobase-containing small molecule metabolic process	1.832183630793941e-46	FBgn0000064,FBgn0000409,FBgn0000579,FBgn0001091,FBgn0001092,FBgn0001128,FBgn0001186,FBgn0001989,FBgn0003071,FBgn0003074,FBgn0003360,FBgn0005671,FBgn0010217,FBgn0010612,FBgn0011211,FBgn0011227,FBgn0011361,FBgn0011455,FBgn0013672,FBgn0013673,FBgn0013674,FBgn0013675,FBgn0013678,FBgn0013972,FBgn0014391,FBgn0014869,FBgn0015031,FBgn0016119,FBgn0016120,FBgn0016691,FBgn0017566,FBgn0017567,FBgn0019644,FBgn0019957,FBgn0020235,FBgn0021906,FBgn0021967,FBgn0025839,FBgn0028342,FBgn0029868,FBgn0029888,FBgn0030605,FBgn0030718,FBgn0030853,FBgn0031228,FBgn0031436,FBgn0031505,FBgn0031771,FBgn0032511,FBgn0033274,FBgn0033570,FBgn0033961,FBgn0034245,FBgn0034645,FBgn0034877,FBgn0035046,FBgn0035600,FBgn0036728,FBgn0037001,FBgn0038224,FBgn0038271,FBgn0039254,FBgn0039464,FBgn0039830,FBgn0039909,FBgn0040529,FBgn0047038,FBgn0052230,FBgn0086355,FBgn0250814,FBgn0250906,FBgn0260008,FBgn0262952,FBgn0263398,FBgn0265262,FBgn0267385	GO:0055086
organophosphate metabolic process	2.5241408507456567e-45	FBgn0000064,FBgn0000409,FBgn0000579,FBgn0001091,FBgn0001092,FBgn0001128,FBgn0001186,FBgn0001989,FBgn0003071,FBgn0003074,FBgn0003360,FBgn0005671,FBgn0010217,FBgn0010350,FBgn0010612,FBgn0011211,FBgn0011227,FBgn0011361,FBgn0011455,FBgn0013672,FBgn0013673,FBgn0013674,FBgn0013675,FBgn0013678,FBgn0013972,FBgn0014391,FBgn0014869,FBgn0015031,FBgn0016119,FBgn0016120,FBgn0016691,FBgn0017566,FBgn0017567,FBgn0019644,FBgn0019957,FBgn0020235,FBgn0021906,FBgn0021967,FBgn0025839,FBgn0025885,FBgn0028342,FBgn0029720,FBgn0029868,FBgn0029888,FBgn0030605,FBgn0030670,FBgn0030718,FBgn0030853,FBgn0031228,FBgn0031436,FBgn0031505,FBgn0031771,FBgn0032511,FBgn0033274,FBgn0033570,FBgn0033961,FBgn0034245,FBgn0034645,FBgn0034877,FBgn0035046,FBgn0035600,FBgn0036273,FBgn0036551,FBgn0036728,FBgn0037001,FBgn0037942,FBgn0038224,FBgn0038271,FBgn0039254,FBgn0039464,FBgn0039830,FBgn0039909,FBgn0040529,FBgn0041342,FBgn0047038,FBgn0052230,FBgn0086355,FBgn0250814,FBgn0250906,FBgn0260008,FBgn0262952,FBgn0263398,FBgn0265262,FBgn0267385	GO:0019637
cellular respiration	3.395912447652366e-45	FBgn0001128,FBgn0001989,FBgn0004888,FBgn0010100,FBgn0011227,FBgn0011361,FBgn0011455,FBgn0013674,FBgn0013675,FBgn0013676,FBgn0013678,FBgn0015031,FBgn0017566,FBgn0017567,FBgn0019957,FBgn0021906,FBgn0021967,FBgn0025839,FBgn0027291,FBgn0027785,FBgn0029868,FBgn0029888,FBgn0030605,FBgn0030718,FBgn0030853,FBgn0031228,FBgn0031436,FBgn0031505,FBgn0031771,FBgn0032511,FBgn0033274,FBgn0033570,FBgn0033961,FBgn0034245,FBgn0034645,FBgn0034877,FBgn0035046,FBgn0035600,FBgn0036728,FBgn0036762,FBgn0037001,FBgn0037643,FBgn0037891,FBgn0038271,FBgn0038922,FBgn0039358,FBgn0039909,FBgn0040529,FBgn0047038,FBgn0052230,FBgn0250814,FBgn0260008,FBgn0262952	GO:0045333
electron transport chain	4.103128772401282e-45	FBgn0001128,FBgn0001989,FBgn0011211,FBgn0011227,FBgn0011361,FBgn0011455,FBgn0013674,FBgn0013675,FBgn0013676,FBgn0013678,FBgn0015031,FBgn0017566,FBgn0017567,FBgn0019957,FBgn0021906,FBgn0021967,FBgn0025839,FBgn0027785,FBgn0029868,FBgn0029888,FBgn0030605,FBgn0030718,FBgn0030853,FBgn0031021,FBgn0031228,FBgn0031436,FBgn0031505,FBgn0031771,FBgn0032511,FBgn0033274,FBgn0033570,FBgn0033961,FBgn0034245,FBgn0034645,FBgn0034877,FBgn0035046,FBgn0035600,FBgn0036728,FBgn0037001,FBgn0038271,FBgn0039909,FBgn0040529,FBgn0047038,FBgn0052230,FBgn0250814,FBgn0260008,FBgn0262952	GO:0022900
respiratory electron transport chain	9.24639201050878e-44	FBgn0001128,FBgn0001989,FBgn0011227,FBgn0011361,FBgn0011455,FBgn0013674,FBgn0013675,FBgn0013676,FBgn0013678,FBgn0015031,FBgn0017566,FBgn0017567,FBgn0019957,FBgn0021906,FBgn0021967,FBgn0025839,FBgn0027785,FBgn0029868,FBgn0029888,FBgn0030605,FBgn0030718,FBgn0030853,FBgn0031228,FBgn0031436,FBgn0031505,FBgn0031771,FBgn0032511,FBgn0033274,FBgn0033570,FBgn0033961,FBgn0034245,FBgn0034645,FBgn0034877,FBgn0035046,FBgn0035600,FBgn0036728,FBgn0037001,FBgn0038271,FBgn0039909,FBgn0040529,FBgn0047038,FBgn0052230,FBgn0250814,FBgn0260008,FBgn0262952	GO:0022904
energy derivation by oxidation of organic compounds	3.923286112267854e-43	FBgn0001128,FBgn0001989,FBgn0004507,FBgn0004888,FBgn0010100,FBgn0011227,FBgn0011361,FBgn0011455,FBgn0013674,FBgn0013675,FBgn0013676,FBgn0013678,FBgn0015031,FBgn0017566,FBgn0017567,FBgn0019957,FBgn0021906,FBgn0021967,FBgn0025839,FBgn0027291,FBgn0027785,FBgn0029868,FBgn0029888,FBgn0030605,FBgn0030718,FBgn0030853,FBgn0031228,FBgn0031436,FBgn0031505,FBgn0031771,FBgn0032511,FBgn0033274,FBgn0033570,FBgn0033961,FBgn0034245,FBgn0034645,FBgn0034877,FBgn0035046,FBgn0035600,FBgn0036728,FBgn0036762,FBgn0037001,FBgn0037643,FBgn0037891,FBgn0038271,FBgn0038922,FBgn0039358,FBgn0039909,FBgn0040529,FBgn0047038,FBgn0052230,FBgn0250814,FBgn0260008,FBgn0262952	GO:0015980
ATP synthesis coupled electron transport	8.979144347046951e-41	FBgn0001989,FBgn0011227,FBgn0011361,FBgn0011455,FBgn0013674,FBgn0013675,FBgn0013678,FBgn0015031,FBgn0017566,FBgn0017567,FBgn0019957,FBgn0021906,FBgn0021967,FBgn0025839,FBgn0029868,FBgn0029888,FBgn0030605,FBgn0030718,FBgn0030853,FBgn0031228,FBgn0031436,FBgn0031505,FBgn0031771,FBgn0032511,FBgn0033274,FBgn0033570,FBgn0033961,FBgn0034245,FBgn0034645,FBgn0034877,FBgn0035046,FBgn0035600,FBgn0036728,FBgn0037001,FBgn0038271,FBgn0039909,FBgn0040529,FBgn0047038,FBgn0052230,FBgn0250814,FBgn0260008,FBgn0262952	GO:0042773
mitochondrial ATP synthesis coupled electron transport	1.8161355168226503e-40	FBgn0001989,FBgn0011227,FBgn0011361,FBgn0011455,FBgn0013674,FBgn0013675,FBgn0013678,FBgn0015031,FBgn0017567,FBgn0019957,FBgn0021906,FBgn0021967,FBgn0025839,FBgn0029868,FBgn0029888,FBgn0030605,FBgn0030718,FBgn0030853,FBgn0031228,FBgn0031436,FBgn0031505,FBgn0031771,FBgn0032511,FBgn0033274,FBgn0033570,FBgn0033961,FBgn0034245,FBgn0034645,FBgn0034877,FBgn0035046,FBgn0035600,FBgn0036728,FBgn0037001,FBgn0038271,FBgn0039909,FBgn0040529,FBgn0047038,FBgn0052230,FBgn0250814,FBgn0260008,FBgn0262952	GO:0042775
oxidative phosphorylation	7.049994411418305e-40	FBgn0000409,FBgn0001989,FBgn0011227,FBgn0011361,FBgn0011455,FBgn0013674,FBgn0013675,FBgn0013678,FBgn0015031,FBgn0017566,FBgn0017567,FBgn0019957,FBgn0021906,FBgn0021967,FBgn0025839,FBgn0029868,FBgn0029888,FBgn0030605,FBgn0030718,FBgn0030853,FBgn0031228,FBgn0031436,FBgn0031505,FBgn0031771,FBgn0032511,FBgn0033274,FBgn0033570,FBgn0033961,FBgn0034245,FBgn0034645,FBgn0034877,FBgn0035046,FBgn0035600,FBgn0036728,FBgn0037001,FBgn0038271,FBgn0039909,FBgn0040529,FBgn0047038,FBgn0052230,FBgn0250814,FBgn0260008,FBgn0262952	GO:0006119
small molecule metabolic process	2.571151587747433e-39	FBgn0000064,FBgn0000409,FBgn0000579,FBgn0001091,FBgn0001092,FBgn0001128,FBgn0001142,FBgn0001186,FBgn0001989,FBgn0003071,FBgn0003074,FBgn0003360,FBgn0004507,FBgn0004888,FBgn0005671,FBgn0010100,FBgn0010217,FBgn0010612,FBgn0011211,FBgn0011227,FBgn0011361,FBgn0011455,FBgn0012034,FBgn0013672,FBgn0013673,FBgn0013674,FBgn0013675,FBgn0013678,FBgn0013972,FBgn0014391,FBgn0014869,FBgn0015031,FBgn0016119,FBgn0016120,FBgn0016691,FBgn0017566,FBgn0017567,FBgn0019644,FBgn0019957,FBgn0020235,FBgn0021906,FBgn0021967,FBgn0025839,FBgn0025885,FBgn0027291,FBgn0028325,FBgn0028342,FBgn0028916,FBgn0029155,FBgn0029868,FBgn0029870,FBgn0029888,FBgn0030485,FBgn0030605,FBgn0030718,FBgn0030853,FBgn0031228,FBgn0031436,FBgn0031505,FBgn0031771,FBgn0032393,FBgn0032511,FBgn0033274,FBgn0033570,FBgn0033883,FBgn0033961,FBgn0034245,FBgn0034645,FBgn0034877,FBgn0035046,FBgn0035334,FBgn0035600,FBgn0036551,FBgn0036728,FBgn0036762,FBgn0036927,FBgn0037001,FBgn0037138,FBgn0037643,FBgn0037891,FBgn0037942,FBgn0038224,FBgn0038271,FBgn0038922,FBgn0039254,FBgn0039349,FBgn0039358,FBgn0039464,FBgn0039635,FBgn0039830,FBgn0039909,FBgn0040529,FBgn0041342,FBgn0047038,FBgn0052230,FBgn0086355,FBgn0086687,FBgn0250814,FBgn0250906,FBgn0260008,FBgn0260960,FBgn0262952,FBgn0263398,FBgn0265262,FBgn0267385	GO:0044281
phosphorus metabolic process	2.055419497474416e-30	FBgn0000064,FBgn0000116,FBgn0000253,FBgn0000409,FBgn0000579,FBgn0000711,FBgn0001091,FBgn0001092,FBgn0001128,FBgn0001186,FBgn0001989,FBgn0003071,FBgn0003074,FBgn0003093,FBgn0003360,FBgn0005671,FBgn0010217,FBgn0010350,FBgn0010612,FBgn0011211,FBgn0011227,FBgn0011361,FBgn0011455,FBgn0012034,FBgn0013303,FBgn0013672,FBgn0013673,FBgn0013674,FBgn0013675,FBgn0013678,FBgn0013972,FBgn0014391,FBgn0014869,FBgn0015031,FBgn0016119,FBgn0016120,FBgn0016691,FBgn0017566,FBgn0017567,FBgn0019644,FBgn0019957,FBgn0020235,FBgn0021906,FBgn0021967,FBgn0024995,FBgn0025839,FBgn0025885,FBgn0028325,FBgn0028342,FBgn0028429,FBgn0029720,FBgn0029868,FBgn0029888,FBgn0030605,FBgn0030670,FBgn0030718,FBgn0030853,FBgn0031228,FBgn0031294,FBgn0031436,FBgn0031505,FBgn0031771,FBgn0031855,FBgn0032511,FBgn0033274,FBgn0033570,FBgn0033961,FBgn0034245,FBgn0034645,FBgn0034877,FBgn0035046,FBgn0035600,FBgn0036273,FBgn0036551,FBgn0036728,FBgn0036760,FBgn0036844,FBgn0037001,FBgn0037942,FBgn0038224,FBgn0038271,FBgn0039254,FBgn0039464,FBgn0039635,FBgn0039737,FBgn0039830,FBgn0039854,FBgn0039909,FBgn0039993,FBgn0040529,FBgn0041342,FBgn0043364,FBgn0047038,FBgn0052230,FBgn0086355,FBgn0086677,FBgn0250814,FBgn0250906,FBgn0260008,FBgn0260972,FBgn0262952,FBgn0263398,FBgn0265262,FBgn0267385,FBgn0267486	GO:0006793
mitochondrial electron transport, NADH to ubiquinone	3.6174460316306416e-29	FBgn0001989,FBgn0011361,FBgn0011455,FBgn0017567,FBgn0019957,FBgn0021967,FBgn0025839,FBgn0029868,FBgn0029888,FBgn0030605,FBgn0030718,FBgn0030853,FBgn0031228,FBgn0031436,FBgn0031505,FBgn0031771,FBgn0032511,FBgn0033570,FBgn0033961,FBgn0034645,FBgn0035046,FBgn0037001,FBgn0039909,FBgn0047038,FBgn0052230,FBgn0262952	GO:0006120
carbohydrate derivative metabolic process	8.912269355429264e-29	FBgn0000064,FBgn0000409,FBgn0000579,FBgn0001091,FBgn0001092,FBgn0001128,FBgn0001186,FBgn0001989,FBgn0003071,FBgn0003074,FBgn0003360,FBgn0005671,FBgn0010217,FBgn0010612,FBgn0011211,FBgn0011227,FBgn0011361,FBgn0011455,FBgn0013672,FBgn0013673,FBgn0013674,FBgn0013675,FBgn0013678,FBgn0013749,FBgn0013972,FBgn0014391,FBgn0014869,FBgn0015031,FBgn0016119,FBgn0016120,FBgn0016691,FBgn0017566,FBgn0017567,FBgn0019644,FBgn0019957,FBgn0020235,FBgn0021906,FBgn0021967,FBgn0025839,FBgn0028342,FBgn0028916,FBgn0029868,FBgn0029888,FBgn0030605,FBgn0030718,FBgn0030853,FBgn0031228,FBgn0031436,FBgn0031505,FBgn0031771,FBgn0032511,FBgn0033274,FBgn0033570,FBgn0033961,FBgn0034245,FBgn0034645,FBgn0034877,FBgn0035046,FBgn0035050,FBgn0035600,FBgn0036728,FBgn0037001,FBgn0038224,FBgn0038271,FBgn0039464,FBgn0039830,FBgn0039909,FBgn0040529,FBgn0047038,FBgn0052230,FBgn0086355,FBgn0250814,FBgn0250906,FBgn0260008,FBgn0262952,FBgn0263398,FBgn0265262,FBgn0267385	GO:1901135
phosphate-containing compound metabolic process	1.2649246865080712e-26	FBgn0000064,FBgn0000116,FBgn0000253,FBgn0000409,FBgn0000579,FBgn0000711,FBgn0001091,FBgn0001092,FBgn0001128,FBgn0001186,FBgn0001989,FBgn0003071,FBgn0003074,FBgn0003093,FBgn0003360,FBgn0005671,FBgn0010217,FBgn0010350,FBgn0010612,FBgn0011211,FBgn0011227,FBgn0011361,FBgn0011455,FBgn0013303,FBgn0013672,FBgn0013673,FBgn0013674,FBgn0013675,FBgn0013678,FBgn0013972,FBgn0014391,FBgn0014869,FBgn0015031,FBgn0016119,FBgn0016120,FBgn0016691,FBgn0017566,FBgn0017567,FBgn0019644,FBgn0019957,FBgn0020235,FBgn0021906,FBgn0021967,FBgn0024995,FBgn0025839,FBgn0025885,FBgn0028342,FBgn0028429,FBgn0029720,FBgn0029868,FBgn0029888,FBgn0030605,FBgn0030670,FBgn0030718,FBgn0030853,FBgn0031228,FBgn0031294,FBgn0031436,FBgn0031505,FBgn0031771,FBgn0031855,FBgn0032511,FBgn0033274,FBgn0033570,FBgn0033961,FBgn0034245,FBgn0034645,FBgn0034877,FBgn0035046,FBgn0035600,FBgn0036273,FBgn0036551,FBgn0036728,FBgn0036760,FBgn0036844,FBgn0037001,FBgn0037942,FBgn0038224,FBgn0038271,FBgn0039254,FBgn0039464,FBgn0039830,FBgn0039909,FBgn0040529,FBgn0041342,FBgn0043364,FBgn0047038,FBgn0052230,FBgn0086355,FBgn0086677,FBgn0250814,FBgn0250906,FBgn0260008,FBgn0260972,FBgn0262952,FBgn0263398,FBgn0265262,FBgn0267385,FBgn0267486	GO:0006796
oxidation-reduction process	1.8117961534087106e-26	FBgn0001091,FBgn0001092,FBgn0001128,FBgn0001989,FBgn0002036,FBgn0003462,FBgn0004507,FBgn0004888,FBgn0010100,FBgn0011211,FBgn0011227,FBgn0011361,FBgn0011455,FBgn0013674,FBgn0013675,FBgn0013676,FBgn0013678,FBgn0013679,FBgn0013685,FBgn0015031,FBgn0017566,FBgn0017567,FBgn0019957,FBgn0021906,FBgn0021967,FBgn0025839,FBgn0027291,FBgn0027785,FBgn0029155,FBgn0029868,FBgn0029888,FBgn0030485,FBgn0030605,FBgn0030718,FBgn0030853,FBgn0031021,FBgn0031228,FBgn0031436,FBgn0031505,FBgn0031771,FBgn0032259,FBgn0032511,FBgn0033188,FBgn0033274,FBgn0033570,FBgn0033883,FBgn0033961,FBgn0034245,FBgn0034645,FBgn0034877,FBgn0034938,FBgn0035046,FBgn0035600,FBgn0036183,FBgn0036211,FBgn0036728,FBgn0036762,FBgn0037001,FBgn0037138,FBgn0037298,FBgn0037643,FBgn0037891,FBgn0038271,FBgn0038922,FBgn0039349,FBgn0039358,FBgn0039909,FBgn0040529,FBgn0047038,FBgn0052230,FBgn0086687,FBgn0250814,FBgn0260008,FBgn0262952,FBgn0266582,FBgn0267376	GO:0055114
proton transport	3.3463762657009554e-21	FBgn0005671,FBgn0010217,FBgn0010612,FBgn0011211,FBgn0013672,FBgn0013673,FBgn0014391,FBgn0015324,FBgn0016119,FBgn0016120,FBgn0016691,FBgn0019644,FBgn0020235,FBgn0022097,FBgn0026753,FBgn0028342,FBgn0028662,FBgn0028665,FBgn0035032,FBgn0035521,FBgn0037671,FBgn0038224,FBgn0039830,FBgn0051030,FBgn0262512,FBgn0262515,FBgn0265262	GO:0015992
hydrogen ion transmembrane transport	3.456320741665717e-21	FBgn0005671,FBgn0010217,FBgn0010612,FBgn0011211,FBgn0013672,FBgn0013673,FBgn0014391,FBgn0015324,FBgn0016119,FBgn0016120,FBgn0016691,FBgn0019644,FBgn0020235,FBgn0022097,FBgn0026753,FBgn0028342,FBgn0028662,FBgn0028665,FBgn0035521,FBgn0037671,FBgn0038224,FBgn0039830,FBgn0051030,FBgn0262512,FBgn0262515,FBgn0265262	GO:1902600
hydrogen transport	5.632730759070823e-21	FBgn0005671,FBgn0010217,FBgn0010612,FBgn0011211,FBgn0013672,FBgn0013673,FBgn0014391,FBgn0015324,FBgn0016119,FBgn0016120,FBgn0016691,FBgn0019644,FBgn0020235,FBgn0022097,FBgn0026753,FBgn0028342,FBgn0028662,FBgn0028665,FBgn0035032,FBgn0035521,FBgn0037671,FBgn0038224,FBgn0039830,FBgn0051030,FBgn0262512,FBgn0262515,FBgn0265262	GO:0006818
single-organism metabolic process	1.1285735353051073e-20	FBgn0000064,FBgn0000409,FBgn0000579,FBgn0000711,FBgn0001091,FBgn0001092,FBgn0001128,FBgn0001142,FBgn0001186,FBgn0001220,FBgn0001989,FBgn0002036,FBgn0003071,FBgn0003074,FBgn0003360,FBgn0003462,FBgn0004507,FBgn0004888,FBgn0005671,FBgn0010100,FBgn0010217,FBgn0010350,FBgn0010612,FBgn0011211,FBgn0011227,FBgn0011361,FBgn0011455,FBgn0012034,FBgn0013672,FBgn0013673,FBgn0013674,FBgn0013675,FBgn0013676,FBgn0013678,FBgn0013679,FBgn0013685,FBgn0013749,FBgn0013972,FBgn0014391,FBgn0014869,FBgn0015031,FBgn0016119,FBgn0016120,FBgn0016691,FBgn0017566,FBgn0017567,FBgn0019644,FBgn0019957,FBgn0020235,FBgn0021906,FBgn0021967,FBgn0025839,FBgn0025885,FBgn0027291,FBgn0027785,FBgn0028325,FBgn0028342,FBgn0028916,FBgn0029155,FBgn0029720,FBgn0029868,FBgn0029870,FBgn0029888,FBgn0030485,FBgn0030605,FBgn0030670,FBgn0030718,FBgn0030853,FBgn0031021,FBgn0031228,FBgn0031436,FBgn0031505,FBgn0031771,FBgn0032222,FBgn0032259,FBgn0032393,FBgn0032511,FBgn0033188,FBgn0033273,FBgn0033274,FBgn0033570,FBgn0033883,FBgn0033961,FBgn0034245,FBgn0034645,FBgn0034877,FBgn0034938,FBgn0035046,FBgn0035050,FBgn0035334,FBgn0035600,FBgn0036183,FBgn0036211,FBgn0036273,FBgn0036488,FBgn0036551,FBgn0036728,FBgn0036762,FBgn0036837,FBgn0036843,FBgn0036844,FBgn0036927,FBgn0037001,FBgn0037138,FBgn0037298,FBgn0037643,FBgn0037891,FBgn0037942,FBgn0038224,FBgn0038271,FBgn0038641,FBgn0038922,FBgn0039254,FBgn0039349,FBgn0039358,FBgn0039464,FBgn0039635,FBgn0039830,FBgn0039909,FBgn0040529,FBgn0041342,FBgn0043364,FBgn0047038,FBgn0052230,FBgn0086355,FBgn0086677,FBgn0086687,FBgn0250814,FBgn0250906,FBgn0260008,FBgn0260960,FBgn0262952,FBgn0263398,FBgn0264707,FBgn0265262,FBgn0266124,FBgn0266582,FBgn0267376,FBgn0267385	GO:0044710
phosphorylation	1.177474328249054e-18	FBgn0000064,FBgn0000116,FBgn0000253,FBgn0000409,FBgn0000579,FBgn0000711,FBgn0001091,FBgn0001092,FBgn0001186,FBgn0001989,FBgn0003071,FBgn0003074,FBgn0003093,FBgn0011227,FBgn0011361,FBgn0011455,FBgn0013303,FBgn0013674,FBgn0013675,FBgn0013678,FBgn0014869,FBgn0015031,FBgn0016120,FBgn0017566,FBgn0017567,FBgn0019957,FBgn0021906,FBgn0021967,FBgn0025839,FBgn0029868,FBgn0029888,FBgn0030605,FBgn0030718,FBgn0030853,FBgn0031228,FBgn0031436,FBgn0031505,FBgn0031771,FBgn0031855,FBgn0032511,FBgn0033274,FBgn0033570,FBgn0033961,FBgn0034245,FBgn0034645,FBgn0034877,FBgn0035046,FBgn0035600,FBgn0036551,FBgn0036728,FBgn0036844,FBgn0037001,FBgn0038271,FBgn0039909,FBgn0040529,FBgn0043364,FBgn0047038,FBgn0052230,FBgn0086355,FBgn0086677,FBgn0250814,FBgn0250906,FBgn0260008,FBgn0260972,FBgn0262952,FBgn0267385	GO:0016310
cation transmembrane transport	8.49208607822958e-15	FBgn0000253,FBgn0005671,FBgn0010217,FBgn0010612,FBgn0011211,FBgn0013672,FBgn0013673,FBgn0014391,FBgn0015324,FBgn0016119,FBgn0016120,FBgn0016691,FBgn0019644,FBgn0020235,FBgn0022097,FBgn0026753,FBgn0028342,FBgn0028662,FBgn0028665,FBgn0035521,FBgn0037671,FBgn0038224,FBgn0039830,FBgn0051030,FBgn0262512,FBgn0262515,FBgn0265262	GO:0098655
ATP biosynthetic process	2.859445943775329e-14	FBgn0003360,FBgn0010217,FBgn0010612,FBgn0011211,FBgn0013672,FBgn0013673,FBgn0014391,FBgn0016119,FBgn0016120,FBgn0016691,FBgn0019644,FBgn0020235,FBgn0028342,FBgn0038224,FBgn0039830	GO:0006754
inorganic cation transmembrane transport	8.105244124623295e-14	FBgn0005671,FBgn0010217,FBgn0010612,FBgn0011211,FBgn0013672,FBgn0013673,FBgn0014391,FBgn0015324,FBgn0016119,FBgn0016120,FBgn0016691,FBgn0019644,FBgn0020235,FBgn0022097,FBgn0026753,FBgn0028342,FBgn0028662,FBgn0028665,FBgn0035521,FBgn0037671,FBgn0038224,FBgn0039830,FBgn0051030,FBgn0262512,FBgn0262515,FBgn0265262	GO:0098662
inorganic ion transmembrane transport	2.3137608661379914e-13	FBgn0005671,FBgn0010217,FBgn0010612,FBgn0011211,FBgn0013672,FBgn0013673,FBgn0014391,FBgn0015324,FBgn0016119,FBgn0016120,FBgn0016691,FBgn0019644,FBgn0020235,FBgn0022097,FBgn0026753,FBgn0028342,FBgn0028662,FBgn0028665,FBgn0035521,FBgn0037671,FBgn0038224,FBgn0039830,FBgn0051030,FBgn0262512,FBgn0262515,FBgn0265262	GO:0098660
energy coupled proton transport, down electrochemical gradient	2.4181398690831437e-13	FBgn0010217,FBgn0010612,FBgn0011211,FBgn0013672,FBgn0013673,FBgn0014391,FBgn0016119,FBgn0016120,FBgn0016691,FBgn0019644,FBgn0020235,FBgn0028342,FBgn0038224,FBgn0039830	GO:0015985
ATP synthesis coupled proton transport	2.4181398690831437e-13	FBgn0010217,FBgn0010612,FBgn0011211,FBgn0013672,FBgn0013673,FBgn0014391,FBgn0016119,FBgn0016120,FBgn0016691,FBgn0019644,FBgn0020235,FBgn0028342,FBgn0038224,FBgn0039830	GO:0015986
ion transmembrane transport	3.226296010696328e-13	FBgn0000253,FBgn0005671,FBgn0010217,FBgn0010612,FBgn0011211,FBgn0013672,FBgn0013673,FBgn0014391,FBgn0015324,FBgn0016119,FBgn0016120,FBgn0016691,FBgn0019644,FBgn0020235,FBgn0022097,FBgn0026753,FBgn0028342,FBgn0028662,FBgn0028665,FBgn0033368,FBgn0035521,FBgn0037671,FBgn0038224,FBgn0038641,FBgn0039830,FBgn0051030,FBgn0261794,FBgn0262512,FBgn0262515,FBgn0265262	GO:0034220
ion transport	5.606473893674229e-13	FBgn0000038,FBgn0000253,FBgn0002921,FBgn0003360,FBgn0004244,FBgn0004363,FBgn0005671,FBgn0010217,FBgn0010612,FBgn0011211,FBgn0013672,FBgn0013673,FBgn0014391,FBgn0015324,FBgn0016119,FBgn0016120,FBgn0016691,FBgn0019644,FBgn0020235,FBgn0022097,FBgn0026409,FBgn0026753,FBgn0028342,FBgn0028662,FBgn0028665,FBgn0028704,FBgn0030610,FBgn0032151,FBgn0032946,FBgn0033368,FBgn0035032,FBgn0035521,FBgn0036043,FBgn0036843,FBgn0037671,FBgn0037715,FBgn0038224,FBgn0038641,FBgn0039674,FBgn0039830,FBgn0051030,FBgn0053181,FBgn0260743,FBgn0261794,FBgn0262512,FBgn0262515,FBgn0263257,FBgn0263397,FBgn0265262	GO:0006811
monovalent inorganic cation transport	7.725416762407063e-13	FBgn0002921,FBgn0005671,FBgn0010217,FBgn0010612,FBgn0011211,FBgn0013672,FBgn0013673,FBgn0014391,FBgn0015324,FBgn0016119,FBgn0016120,FBgn0016691,FBgn0019644,FBgn0020235,FBgn0022097,FBgn0026753,FBgn0028342,FBgn0028662,FBgn0028665,FBgn0028704,FBgn0032946,FBgn0035032,FBgn0035521,FBgn0037671,FBgn0038224,FBgn0039830,FBgn0051030,FBgn0262512,FBgn0262515,FBgn0263397,FBgn0265262	GO:0015672
purine nucleoside triphosphate biosynthetic process	9.078683751241807e-13	FBgn0003360,FBgn0010217,FBgn0010612,FBgn0011211,FBgn0013672,FBgn0013673,FBgn0014391,FBgn0016119,FBgn0016120,FBgn0016691,FBgn0019644,FBgn0020235,FBgn0028342,FBgn0038224,FBgn0039830	GO:0009145
purine ribonucleoside triphosphate biosynthetic process	9.078683751241807e-13	FBgn0003360,FBgn0010217,FBgn0010612,FBgn0011211,FBgn0013672,FBgn0013673,FBgn0014391,FBgn0016119,FBgn0016120,FBgn0016691,FBgn0019644,FBgn0020235,FBgn0028342,FBgn0038224,FBgn0039830	GO:0009206
ribonucleoside triphosphate biosynthetic process	1.9021956007499543e-12	FBgn0003360,FBgn0010217,FBgn0010612,FBgn0011211,FBgn0013672,FBgn0013673,FBgn0014391,FBgn0016119,FBgn0016120,FBgn0016691,FBgn0019644,FBgn0020235,FBgn0028342,FBgn0038224,FBgn0039830	GO:0009201
nucleoside triphosphate biosynthetic process	3.833629781013805e-12	FBgn0003360,FBgn0010217,FBgn0010612,FBgn0011211,FBgn0013672,FBgn0013673,FBgn0014391,FBgn0016119,FBgn0016120,FBgn0016691,FBgn0019644,FBgn0020235,FBgn0028342,FBgn0038224,FBgn0039830	GO:0009142
ribonucleoside monophosphate biosynthetic process	1.0830266365367292e-10	FBgn0003360,FBgn0010217,FBgn0010612,FBgn0011211,FBgn0013672,FBgn0013673,FBgn0014391,FBgn0016119,FBgn0016120,FBgn0016691,FBgn0019644,FBgn0020235,FBgn0028342,FBgn0038224,FBgn0039830,FBgn0263398	GO:0009156
nucleoside monophosphate biosynthetic process	1.7021342806562346e-10	FBgn0003360,FBgn0010217,FBgn0010612,FBgn0011211,FBgn0013672,FBgn0013673,FBgn0014391,FBgn0016119,FBgn0016120,FBgn0016691,FBgn0019644,FBgn0020235,FBgn0028342,FBgn0038224,FBgn0039830,FBgn0263398	GO:0009124
purine nucleoside monophosphate biosynthetic process	2.2726930677636348e-10	FBgn0003360,FBgn0010217,FBgn0010612,FBgn0011211,FBgn0013672,FBgn0013673,FBgn0014391,FBgn0016119,FBgn0016120,FBgn0016691,FBgn0019644,FBgn0020235,FBgn0028342,FBgn0038224,FBgn0039830	GO:0009127
purine ribonucleoside monophosphate biosynthetic process	2.2726930677636348e-10	FBgn0003360,FBgn0010217,FBgn0010612,FBgn0011211,FBgn0013672,FBgn0013673,FBgn0014391,FBgn0016119,FBgn0016120,FBgn0016691,FBgn0019644,FBgn0020235,FBgn0028342,FBgn0038224,FBgn0039830	GO:0009168
cation transport	2.5645059205617746e-10	FBgn0000253,FBgn0002921,FBgn0005671,FBgn0010217,FBgn0010612,FBgn0011211,FBgn0013672,FBgn0013673,FBgn0014391,FBgn0015324,FBgn0016119,FBgn0016120,FBgn0016691,FBgn0019644,FBgn0020235,FBgn0022097,FBgn0026753,FBgn0028342,FBgn0028662,FBgn0028665,FBgn0028704,FBgn0030610,FBgn0032151,FBgn0032946,FBgn0035032,FBgn0035521,FBgn0037671,FBgn0038224,FBgn0039830,FBgn0051030,FBgn0053181,FBgn0262512,FBgn0262515,FBgn0263257,FBgn0263397,FBgn0265262	GO:0006812
energy coupled proton transmembrane transport, against electrochemical gradient	1.471513160768875e-9	FBgn0005671,FBgn0010217,FBgn0011211,FBgn0015324,FBgn0022097,FBgn0026753,FBgn0028662,FBgn0028665,FBgn0035521,FBgn0037671,FBgn0039830,FBgn0051030,FBgn0262512,FBgn0262515,FBgn0265262	GO:0015988
ATP hydrolysis coupled proton transport	1.471513160768875e-9	FBgn0005671,FBgn0010217,FBgn0011211,FBgn0015324,FBgn0022097,FBgn0026753,FBgn0028662,FBgn0028665,FBgn0035521,FBgn0037671,FBgn0039830,FBgn0051030,FBgn0262512,FBgn0262515,FBgn0265262	GO:0015991
ATP hydrolysis coupled transmembrane transport	1.471513160768875e-9	FBgn0005671,FBgn0010217,FBgn0011211,FBgn0015324,FBgn0022097,FBgn0026753,FBgn0028662,FBgn0028665,FBgn0035521,FBgn0037671,FBgn0039830,FBgn0051030,FBgn0262512,FBgn0262515,FBgn0265262	GO:0090662
organonitrogen compound metabolic process	5.027505000044976e-9	FBgn0000064,FBgn0000409,FBgn0000579,FBgn0001091,FBgn0001092,FBgn0001128,FBgn0001142,FBgn0001186,FBgn0001989,FBgn0003071,FBgn0003074,FBgn0003360,FBgn0003714,FBgn0005671,FBgn0010217,FBgn0010612,FBgn0011206,FBgn0011211,FBgn0011227,FBgn0011361,FBgn0011455,FBgn0013672,FBgn0013673,FBgn0013674,FBgn0013675,FBgn0013678,FBgn0013972,FBgn0014391,FBgn0014869,FBgn0015031,FBgn0015247,FBgn0016119,FBgn0016120,FBgn0016691,FBgn0017566,FBgn0017567,FBgn0019644,FBgn0019957,FBgn0020235,FBgn0021906,FBgn0021967,FBgn0024957,FBgn0025839,FBgn0028342,FBgn0028916,FBgn0029868,FBgn0029888,FBgn0030605,FBgn0030718,FBgn0030853,FBgn0031228,FBgn0031436,FBgn0031505,FBgn0031771,FBgn0032222,FBgn0032393,FBgn0032511,FBgn0032646,FBgn0033274,FBgn0033381,FBgn0033570,FBgn0033961,FBgn0034245,FBgn0034645,FBgn0034877,FBgn0034938,FBgn0035046,FBgn0035600,FBgn0036728,FBgn0036762,FBgn0036927,FBgn0037001,FBgn0037138,FBgn0037942,FBgn0038224,FBgn0038271,FBgn0039254,FBgn0039349,FBgn0039464,FBgn0039830,FBgn0039909,FBgn0040529,FBgn0041342,FBgn0041707,FBgn0047038,FBgn0052230,FBgn0086355,FBgn0250814,FBgn0250906,FBgn0260008,FBgn0262952,FBgn0263398,FBgn0265262,FBgn0266124,FBgn0267385	GO:1901564
cofactor metabolic process	9.108969354309894e-9	FBgn0000064,FBgn0000579,FBgn0001091,FBgn0001092,FBgn0001128,FBgn0001186,FBgn0003071,FBgn0003074,FBgn0012034,FBgn0014869,FBgn0028325,FBgn0032222,FBgn0034938,FBgn0037942,FBgn0039254,FBgn0039635,FBgn0039737,FBgn0039854,FBgn0039993,FBgn0086355,FBgn0250906,FBgn0267385	GO:0051186
pyruvate metabolic process	1.261665415589059e-8	FBgn0000064,FBgn0000579,FBgn0001091,FBgn0001092,FBgn0001186,FBgn0003071,FBgn0003074,FBgn0014869,FBgn0028325,FBgn0029155,FBgn0039635,FBgn0086355,FBgn0250906,FBgn0267385	GO:0006090
nucleoside biosynthetic process	2.129429993963386e-8	FBgn0003360,FBgn0010217,FBgn0010612,FBgn0011211,FBgn0013672,FBgn0013673,FBgn0014391,FBgn0016119,FBgn0016120,FBgn0016691,FBgn0019644,FBgn0020235,FBgn0028342,FBgn0038224,FBgn0039830,FBgn0263398	GO:0009163
ribonucleoside biosynthetic process	2.129429993963386e-8	FBgn0003360,FBgn0010217,FBgn0010612,FBgn0011211,FBgn0013672,FBgn0013673,FBgn0014391,FBgn0016119,FBgn0016120,FBgn0016691,FBgn0019644,FBgn0020235,FBgn0028342,FBgn0038224,FBgn0039830,FBgn0263398	GO:0042455
glycosyl compound biosynthetic process	2.129429993963386e-8	FBgn0003360,FBgn0010217,FBgn0010612,FBgn0011211,FBgn0013672,FBgn0013673,FBgn0014391,FBgn0016119,FBgn0016120,FBgn0016691,FBgn0019644,FBgn0020235,FBgn0028342,FBgn0038224,FBgn0039830,FBgn0263398	GO:1901659
transmembrane transport	2.7778857532335297e-8	FBgn0000253,FBgn0003360,FBgn0004363,FBgn0005671,FBgn0010217,FBgn0010612,FBgn0011211,FBgn0013672,FBgn0013673,FBgn0014391,FBgn0015324,FBgn0016119,FBgn0016120,FBgn0016691,FBgn0019644,FBgn0020235,FBgn0022097,FBgn0026753,FBgn0028342,FBgn0028662,FBgn0028665,FBgn0028704,FBgn0031649,FBgn0033196,FBgn0033368,FBgn0035521,FBgn0035763,FBgn0036173,FBgn0036316,FBgn0036843,FBgn0037671,FBgn0038224,FBgn0038641,FBgn0039223,FBgn0039561,FBgn0039830,FBgn0051030,FBgn0260743,FBgn0261794,FBgn0262512,FBgn0262515,FBgn0263257,FBgn0263397,FBgn0265262,FBgn0270928	GO:0055085
purine nucleoside biosynthetic process	6.25883478841858e-8	FBgn0003360,FBgn0010217,FBgn0010612,FBgn0011211,FBgn0013672,FBgn0013673,FBgn0014391,FBgn0016119,FBgn0016120,FBgn0016691,FBgn0019644,FBgn0020235,FBgn0028342,FBgn0038224,FBgn0039830	GO:0042451
purine ribonucleoside biosynthetic process	6.25883478841858e-8	FBgn0003360,FBgn0010217,FBgn0010612,FBgn0011211,FBgn0013672,FBgn0013673,FBgn0014391,FBgn0016119,FBgn0016120,FBgn0016691,FBgn0019644,FBgn0020235,FBgn0028342,FBgn0038224,FBgn0039830	GO:0046129
coenzyme metabolic process	1.2086607761968402e-7	FBgn0000064,FBgn0000579,FBgn0001091,FBgn0001092,FBgn0001128,FBgn0001186,FBgn0003071,FBgn0003074,FBgn0012034,FBgn0014869,FBgn0028325,FBgn0037942,FBgn0039254,FBgn0039635,FBgn0039737,FBgn0039854,FBgn0039993,FBgn0086355,FBgn0250906,FBgn0267385	GO:0006732
mitochondrial electron transport, ubiquinol to cytochrome c	2.0990773507619164e-7	FBgn0011227,FBgn0013678,FBgn0021906,FBgn0034245,FBgn0035600,FBgn0036728,FBgn0038271,FBgn0250814,FBgn0260008	GO:0006122
monocarboxylic acid metabolic process	3.452588935287605e-7	FBgn0000064,FBgn0000579,FBgn0001091,FBgn0001092,FBgn0001186,FBgn0003071,FBgn0003074,FBgn0011361,FBgn0012034,FBgn0014869,FBgn0028325,FBgn0028916,FBgn0029155,FBgn0030485,FBgn0033883,FBgn0036927,FBgn0039349,FBgn0039635,FBgn0086355,FBgn0086687,FBgn0250906,FBgn0260960,FBgn0267385	GO:0032787
glycolytic process	5.284560520376936e-7	FBgn0000064,FBgn0000579,FBgn0001091,FBgn0001092,FBgn0001186,FBgn0003071,FBgn0003074,FBgn0014869,FBgn0086355,FBgn0250906,FBgn0267385	GO:0006096
ATP generation from ADP	5.284560520376936e-7	FBgn0000064,FBgn0000579,FBgn0001091,FBgn0001092,FBgn0001186,FBgn0003071,FBgn0003074,FBgn0014869,FBgn0086355,FBgn0250906,FBgn0267385	GO:0006757
single-organism carbohydrate catabolic process	5.993713057836158e-7	FBgn0000064,FBgn0000579,FBgn0001091,FBgn0001092,FBgn0001186,FBgn0003071,FBgn0003074,FBgn0004507,FBgn0014869,FBgn0086355,FBgn0250906,FBgn0267385	GO:0044724
carbohydrate catabolic process	0.0000013350096625114688	FBgn0000064,FBgn0000579,FBgn0001091,FBgn0001092,FBgn0001186,FBgn0003071,FBgn0003074,FBgn0004507,FBgn0014869,FBgn0086355,FBgn0250906,FBgn0267385	GO:0016052
purine nucleoside diphosphate metabolic process	0.0000013907028746918084	FBgn0000064,FBgn0000579,FBgn0001091,FBgn0001092,FBgn0001186,FBgn0003071,FBgn0003074,FBgn0014869,FBgn0086355,FBgn0250906,FBgn0267385	GO:0009135
purine ribonucleoside diphosphate metabolic process	0.0000013907028746918084	FBgn0000064,FBgn0000579,FBgn0001091,FBgn0001092,FBgn0001186,FBgn0003071,FBgn0003074,FBgn0014869,FBgn0086355,FBgn0250906,FBgn0267385	GO:0009179
ribonucleoside diphosphate metabolic process	0.0000013907028746918084	FBgn0000064,FBgn0000579,FBgn0001091,FBgn0001092,FBgn0001186,FBgn0003071,FBgn0003074,FBgn0014869,FBgn0086355,FBgn0250906,FBgn0267385	GO:0009185
ADP metabolic process	0.0000013907028746918084	FBgn0000064,FBgn0000579,FBgn0001091,FBgn0001092,FBgn0001186,FBgn0003071,FBgn0003074,FBgn0014869,FBgn0086355,FBgn0250906,FBgn0267385	GO:0046031
pyridine nucleotide metabolic process	0.0000019340213367978258	FBgn0000064,FBgn0000579,FBgn0001091,FBgn0001092,FBgn0001128,FBgn0001186,FBgn0003071,FBgn0003074,FBgn0014869,FBgn0039254,FBgn0086355,FBgn0250906,FBgn0267385	GO:0019362
nicotinamide nucleotide metabolic process	0.0000019340213367978258	FBgn0000064,FBgn0000579,FBgn0001091,FBgn0001092,FBgn0001128,FBgn0001186,FBgn0003071,FBgn0003074,FBgn0014869,FBgn0039254,FBgn0086355,FBgn0250906,FBgn0267385	GO:0046496
single-organism cellular process	0.0000030102241843060407	FBgn0000038,FBgn0000064,FBgn0000253,FBgn0000409,FBgn0000579,FBgn0000711,FBgn0001091,FBgn0001092,FBgn0001128,FBgn0001142,FBgn0001186,FBgn0001220,FBgn0001989,FBgn0002921,FBgn0003071,FBgn0003074,FBgn0003093,FBgn0003360,FBgn0003392,FBgn0003462,FBgn0004244,FBgn0004363,FBgn0004507,FBgn0004574,FBgn0004580,FBgn0004888,FBgn0004921,FBgn0005586,FBgn0005671,FBgn0010100,FBgn0010114,FBgn0010217,FBgn0010350,FBgn0010612,FBgn0011206,FBgn0011211,FBgn0011227,FBgn0011361,FBgn0011455,FBgn0012034,FBgn0013334,FBgn0013342,FBgn0013343,FBgn0013672,FBgn0013673,FBgn0013674,FBgn0013675,FBgn0013676,FBgn0013678,FBgn0013686,FBgn0013749,FBgn0013972,FBgn0014391,FBgn0014859,FBgn0014869,FBgn0014877,FBgn0015031,FBgn0015247,FBgn0015324,FBgn0016119,FBgn0016120,FBgn0016691,FBgn0017566,FBgn0017567,FBgn0019644,FBgn0019957,FBgn0020235,FBgn0021906,FBgn0021967,FBgn0022097,FBgn0022361,FBgn0025382,FBgn0025839,FBgn0025885,FBgn0026753,FBgn0027291,FBgn0027785,FBgn0027872,FBgn0028325,FBgn0028342,FBgn0028407,FBgn0028429,FBgn0028552,FBgn0028662,FBgn0028665,FBgn0028704,FBgn0028916,FBgn0029155,FBgn0029161,FBgn0029720,FBgn0029868,FBgn0029870,FBgn0029888,FBgn0030011,FBgn0030412,FBgn0030485,FBgn0030584,FBgn0030605,FBgn0030670,FBgn0030718,FBgn0030853,FBgn0031021,FBgn0031066,FBgn0031228,FBgn0031436,FBgn0031505,FBgn0031649,FBgn0031771,FBgn0032151,FBgn0032222,FBgn0032393,FBgn0032511,FBgn0032886,FBgn0033196,FBgn0033250,FBgn0033273,FBgn0033274,FBgn0033368,FBgn0033413,FBgn0033570,FBgn0033876,FBgn0033883,FBgn0033961,FBgn0034245,FBgn0034259,FBgn0034433,FBgn0034534,FBgn0034645,FBgn0034877,FBgn0034919,FBgn0034938,FBgn0035032,FBgn0035046,FBgn0035050,FBgn0035334,FBgn0035521,FBgn0035600,FBgn0035756,FBgn0035763,FBgn0036173,FBgn0036273,FBgn0036316,FBgn0036488,FBgn0036551,FBgn0036726,FBgn0036728,FBgn0036762,FBgn0036820,FBgn0036843,FBgn0036844,FBgn0036927,FBgn0037001,FBgn0037138,FBgn0037374,FBgn0037643,FBgn0037671,FBgn0037891,FBgn0037942,FBgn0038224,FBgn0038271,FBgn0038641,FBgn0038922,FBgn0039223,FBgn0039254,FBgn0039269,FBgn0039349,FBgn0039358,FBgn0039464,FBgn0039561,FBgn0039635,FBgn0039737,FBgn0039830,FBgn0039909,FBgn0039911,FBgn0040529,FBgn0041342,FBgn0041707,FBgn0043070,FBgn0043364,FBgn0047038,FBgn0051030,FBgn0052230,FBgn0052672,FBgn0053203,FBgn0053547,FBgn0085447,FBgn0086355,FBgn0086370,FBgn0086677,FBgn0086687,FBgn0086784,FBgn0250791,FBgn0250814,FBgn0250906,FBgn0260008,FBgn0260743,FBgn0260960,FBgn0260972,FBgn0261794,FBgn0262483,FBgn0262512,FBgn0262515,FBgn0262952,FBgn0263257,FBgn0263397,FBgn0263398,FBgn0263980,FBgn0264707,FBgn0265262,FBgn0265605,FBgn0266124,FBgn0266721,FBgn0267376,FBgn0267385,FBgn0270928	GO:0044763
single-organism transport	0.00000353881560046615	FBgn0000038,FBgn0000253,FBgn0000711,FBgn0001142,FBgn0002921,FBgn0003093,FBgn0003360,FBgn0003392,FBgn0004244,FBgn0004363,FBgn0004574,FBgn0005586,FBgn0005671,FBgn0010217,FBgn0010612,FBgn0011211,FBgn0013342,FBgn0013343,FBgn0013672,FBgn0013673,FBgn0013749,FBgn0014391,FBgn0014859,FBgn0014877,FBgn0015247,FBgn0015324,FBgn0016119,FBgn0016120,FBgn0016691,FBgn0019644,FBgn0020235,FBgn0022097,FBgn0025382,FBgn0026409,FBgn0026753,FBgn0028342,FBgn0028552,FBgn0028662,FBgn0028665,FBgn0028704,FBgn0029870,FBgn0030412,FBgn0030610,FBgn0031294,FBgn0031649,FBgn0032151,FBgn0032946,FBgn0033196,FBgn0033368,FBgn0033876,FBgn0033903,FBgn0035032,FBgn0035521,FBgn0035756,FBgn0035763,FBgn0036043,FBgn0036173,FBgn0036316,FBgn0036843,FBgn0037374,FBgn0037671,FBgn0037715,FBgn0038224,FBgn0038641,FBgn0038683,FBgn0039223,FBgn0039561,FBgn0039674,FBgn0039741,FBgn0039830,FBgn0051030,FBgn0053181,FBgn0053547,FBgn0086784,FBgn0250791,FBgn0260743,FBgn0261794,FBgn0262476,FBgn0262512,FBgn0262515,FBgn0263257,FBgn0263397,FBgn0263398,FBgn0265262,FBgn0266721,FBgn0270928	GO:0044765
carboxylic acid metabolic process	0.0000037384146519311556	FBgn0000064,FBgn0000579,FBgn0001091,FBgn0001092,FBgn0001142,FBgn0001186,FBgn0003071,FBgn0003074,FBgn0004888,FBgn0010100,FBgn0011361,FBgn0012034,FBgn0014869,FBgn0027291,FBgn0028325,FBgn0028916,FBgn0029155,FBgn0030485,FBgn0032393,FBgn0033883,FBgn0036762,FBgn0036927,FBgn0037138,FBgn0037643,FBgn0037891,FBgn0038922,FBgn0039349,FBgn0039358,FBgn0039635,FBgn0086355,FBgn0086687,FBgn0250906,FBgn0260960,FBgn0267385	GO:0019752
transport	0.00000395467550692835	FBgn0000038,FBgn0000253,FBgn0000711,FBgn0001142,FBgn0002921,FBgn0003093,FBgn0003360,FBgn0003392,FBgn0004244,FBgn0004363,FBgn0004574,FBgn0005586,FBgn0005671,FBgn0010217,FBgn0010612,FBgn0011211,FBgn0013342,FBgn0013343,FBgn0013672,FBgn0013673,FBgn0013749,FBgn0014391,FBgn0014859,FBgn0014877,FBgn0015247,FBgn0015324,FBgn0016119,FBgn0016120,FBgn0016691,FBgn0019644,FBgn0020235,FBgn0022097,FBgn0025382,FBgn0026409,FBgn0026753,FBgn0027872,FBgn0028342,FBgn0028552,FBgn0028662,FBgn0028665,FBgn0028704,FBgn0029870,FBgn0030412,FBgn0030610,FBgn0031294,FBgn0031649,FBgn0032151,FBgn0032946,FBgn0033132,FBgn0033196,FBgn0033368,FBgn0033876,FBgn0033903,FBgn0033906,FBgn0034433,FBgn0034645,FBgn0035032,FBgn0035521,FBgn0035756,FBgn0035763,FBgn0036043,FBgn0036173,FBgn0036316,FBgn0036843,FBgn0037374,FBgn0037671,FBgn0037715,FBgn0038224,FBgn0038641,FBgn0038683,FBgn0039223,FBgn0039561,FBgn0039674,FBgn0039741,FBgn0039830,FBgn0041342,FBgn0051030,FBgn0052576,FBgn0053181,FBgn0053547,FBgn0086784,FBgn0250791,FBgn0260743,FBgn0261794,FBgn0262476,FBgn0262512,FBgn0262515,FBgn0263257,FBgn0263397,FBgn0263398,FBgn0265262,FBgn0266721,FBgn0270928	GO:0006810
ribonucleotide biosynthetic process	0.000004329679120933805	FBgn0003360,FBgn0010217,FBgn0010612,FBgn0011211,FBgn0013672,FBgn0013673,FBgn0013972,FBgn0014391,FBgn0016119,FBgn0016120,FBgn0016691,FBgn0019644,FBgn0020235,FBgn0028342,FBgn0038224,FBgn0039830,FBgn0263398	GO:0009260
ribose phosphate biosynthetic process	0.000004329679120933805	FBgn0003360,FBgn0010217,FBgn0010612,FBgn0011211,FBgn0013672,FBgn0013673,FBgn0013972,FBgn0014391,FBgn0016119,FBgn0016120,FBgn0016691,FBgn0019644,FBgn0020235,FBgn0028342,FBgn0038224,FBgn0039830,FBgn0263398	GO:0046390
nucleoside diphosphate phosphorylation	0.000005047446254142684	FBgn0000064,FBgn0000579,FBgn0001091,FBgn0001092,FBgn0001186,FBgn0003071,FBgn0003074,FBgn0014869,FBgn0086355,FBgn0250906,FBgn0267385	GO:0006165
nucleotide phosphorylation	0.000005047446254142684	FBgn0000064,FBgn0000579,FBgn0001091,FBgn0001092,FBgn0001186,FBgn0003071,FBgn0003074,FBgn0014869,FBgn0086355,FBgn0250906,FBgn0267385	GO:0046939
pyridine-containing compound metabolic process	0.000011214034028621629	FBgn0000064,FBgn0000579,FBgn0001091,FBgn0001092,FBgn0001128,FBgn0001186,FBgn0003071,FBgn0003074,FBgn0014869,FBgn0039254,FBgn0086355,FBgn0250906,FBgn0267385	GO:0072524
organic acid metabolic process	0.00001355745513518824	FBgn0000064,FBgn0000579,FBgn0001091,FBgn0001092,FBgn0001142,FBgn0001186,FBgn0003071,FBgn0003074,FBgn0004888,FBgn0010100,FBgn0011361,FBgn0012034,FBgn0014869,FBgn0027291,FBgn0028325,FBgn0028916,FBgn0029155,FBgn0030485,FBgn0032393,FBgn0033883,FBgn0036762,FBgn0036927,FBgn0037138,FBgn0037643,FBgn0037891,FBgn0038922,FBgn0039349,FBgn0039358,FBgn0039635,FBgn0086355,FBgn0086687,FBgn0250906,FBgn0260960,FBgn0267385	GO:0006082
oxoacid metabolic process	0.00001355745513518824	FBgn0000064,FBgn0000579,FBgn0001091,FBgn0001092,FBgn0001142,FBgn0001186,FBgn0003071,FBgn0003074,FBgn0004888,FBgn0010100,FBgn0011361,FBgn0012034,FBgn0014869,FBgn0027291,FBgn0028325,FBgn0028916,FBgn0029155,FBgn0030485,FBgn0032393,FBgn0033883,FBgn0036762,FBgn0036927,FBgn0037138,FBgn0037643,FBgn0037891,FBgn0038922,FBgn0039349,FBgn0039358,FBgn0039635,FBgn0086355,FBgn0086687,FBgn0250906,FBgn0260960,FBgn0267385	GO:0043436
purine ribonucleotide biosynthetic process	0.00001423418774635758	FBgn0003360,FBgn0010217,FBgn0010612,FBgn0011211,FBgn0013672,FBgn0013673,FBgn0013972,FBgn0014391,FBgn0016119,FBgn0016120,FBgn0016691,FBgn0019644,FBgn0020235,FBgn0028342,FBgn0038224,FBgn0039830	GO:0009152
oxidoreduction coenzyme metabolic process	0.000014638043810113135	FBgn0000064,FBgn0000579,FBgn0001091,FBgn0001092,FBgn0001128,FBgn0001186,FBgn0003071,FBgn0003074,FBgn0014869,FBgn0039254,FBgn0086355,FBgn0250906,FBgn0267385	GO:0006733
nucleoside diphosphate metabolic process	0.000022302040002571704	FBgn0000064,FBgn0000579,FBgn0001091,FBgn0001092,FBgn0001186,FBgn0003071,FBgn0003074,FBgn0014869,FBgn0086355,FBgn0250906,FBgn0267385	GO:0009132
purine nucleotide biosynthetic process	0.00002471332937399101	FBgn0003360,FBgn0010217,FBgn0010612,FBgn0011211,FBgn0013672,FBgn0013673,FBgn0013972,FBgn0014391,FBgn0016119,FBgn0016120,FBgn0016691,FBgn0019644,FBgn0020235,FBgn0028342,FBgn0038224,FBgn0039830	GO:0006164
organophosphate biosynthetic process	0.000027823719099370312	FBgn0003360,FBgn0010217,FBgn0010350,FBgn0010612,FBgn0011211,FBgn0013672,FBgn0013673,FBgn0013972,FBgn0014391,FBgn0016119,FBgn0016120,FBgn0016691,FBgn0019644,FBgn0020235,FBgn0025885,FBgn0028342,FBgn0030670,FBgn0037942,FBgn0038224,FBgn0039254,FBgn0039830,FBgn0041342,FBgn0263398	GO:0090407
establishment of localization	0.00002909005711460859	FBgn0000038,FBgn0000253,FBgn0000711,FBgn0001142,FBgn0002921,FBgn0003093,FBgn0003360,FBgn0003392,FBgn0004244,FBgn0004363,FBgn0004574,FBgn0005586,FBgn0005671,FBgn0010217,FBgn0010612,FBgn0011211,FBgn0013342,FBgn0013343,FBgn0013672,FBgn0013673,FBgn0013749,FBgn0014391,FBgn0014859,FBgn0014877,FBgn0015247,FBgn0015324,FBgn0016119,FBgn0016120,FBgn0016691,FBgn0019644,FBgn0020235,FBgn0022097,FBgn0025382,FBgn0026409,FBgn0026753,FBgn0027872,FBgn0028342,FBgn0028552,FBgn0028662,FBgn0028665,FBgn0028704,FBgn0029870,FBgn0030412,FBgn0030610,FBgn0031294,FBgn0031649,FBgn0032151,FBgn0032946,FBgn0033132,FBgn0033196,FBgn0033368,FBgn0033876,FBgn0033903,FBgn0033906,FBgn0034433,FBgn0034645,FBgn0035032,FBgn0035521,FBgn0035756,FBgn0035763,FBgn0036043,FBgn0036173,FBgn0036316,FBgn0036843,FBgn0037374,FBgn0037671,FBgn0037715,FBgn0038224,FBgn0038641,FBgn0038683,FBgn0039223,FBgn0039561,FBgn0039674,FBgn0039741,FBgn0039830,FBgn0041342,FBgn0051030,FBgn0052576,FBgn0053181,FBgn0053547,FBgn0086784,FBgn0250791,FBgn0260743,FBgn0261794,FBgn0262476,FBgn0262512,FBgn0262515,FBgn0263257,FBgn0263397,FBgn0263398,FBgn0265262,FBgn0266721,FBgn0270928	GO:0051234
nucleotide biosynthetic process	0.00003667766526831362	FBgn0003360,FBgn0010217,FBgn0010612,FBgn0011211,FBgn0013672,FBgn0013673,FBgn0013972,FBgn0014391,FBgn0016119,FBgn0016120,FBgn0016691,FBgn0019644,FBgn0020235,FBgn0028342,FBgn0038224,FBgn0039254,FBgn0039830,FBgn0263398	GO:0009165
nucleoside phosphate biosynthetic process	0.00003667766526831362	FBgn0003360,FBgn0010217,FBgn0010612,FBgn0011211,FBgn0013672,FBgn0013673,FBgn0013972,FBgn0014391,FBgn0016119,FBgn0016120,FBgn0016691,FBgn0019644,FBgn0020235,FBgn0028342,FBgn0038224,FBgn0039254,FBgn0039830,FBgn0263398	GO:1901293
synaptic transmission	0.00006571263523085273	FBgn0000038,FBgn0002921,FBgn0003360,FBgn0003392,FBgn0004244,FBgn0004574,FBgn0005586,FBgn0013334,FBgn0013342,FBgn0013343,FBgn0013749,FBgn0028552,FBgn0030412,FBgn0032151,FBgn0033876,FBgn0034259,FBgn0035756,FBgn0039911,FBgn0053547,FBgn0085447,FBgn0086677,FBgn0086784,FBgn0250791,FBgn0250906,FBgn0262483,FBgn0263397,FBgn0266721	GO:0007268
purine-containing compound biosynthetic process	0.00015394762581731592	FBgn0003360,FBgn0010217,FBgn0010612,FBgn0011211,FBgn0013672,FBgn0013673,FBgn0013972,FBgn0014391,FBgn0016119,FBgn0016120,FBgn0016691,FBgn0019644,FBgn0020235,FBgn0028342,FBgn0038224,FBgn0039830	GO:0072522
single-organism localization	0.0001720280581801589	FBgn0000038,FBgn0000253,FBgn0000711,FBgn0001142,FBgn0002921,FBgn0003093,FBgn0003360,FBgn0003392,FBgn0004244,FBgn0004363,FBgn0004574,FBgn0005586,FBgn0005671,FBgn0010217,FBgn0010612,FBgn0011211,FBgn0013342,FBgn0013343,FBgn0013672,FBgn0013673,FBgn0013749,FBgn0014391,FBgn0014859,FBgn0014877,FBgn0015247,FBgn0015324,FBgn0016119,FBgn0016120,FBgn0016691,FBgn0019644,FBgn0020235,FBgn0022097,FBgn0025382,FBgn0026409,FBgn0026753,FBgn0028342,FBgn0028552,FBgn0028662,FBgn0028665,FBgn0028704,FBgn0029870,FBgn0030412,FBgn0030610,FBgn0031294,FBgn0031649,FBgn0032151,FBgn0032946,FBgn0033196,FBgn0033368,FBgn0033876,FBgn0033903,FBgn0035032,FBgn0035521,FBgn0035756,FBgn0035763,FBgn0036043,FBgn0036173,FBgn0036316,FBgn0036843,FBgn0037374,FBgn0037671,FBgn0037715,FBgn0038224,FBgn0038641,FBgn0038683,FBgn0039223,FBgn0039561,FBgn0039674,FBgn0039741,FBgn0039830,FBgn0051030,FBgn0053181,FBgn0053547,FBgn0086784,FBgn0250791,FBgn0260743,FBgn0261794,FBgn0262476,FBgn0262512,FBgn0262515,FBgn0263257,FBgn0263397,FBgn0263398,FBgn0265262,FBgn0266721,FBgn0270928	GO:1902578
single-organism process	0.00020961954414926715	FBgn0000038,FBgn0000064,FBgn0000253,FBgn0000409,FBgn0000579,FBgn0000711,FBgn0001091,FBgn0001092,FBgn0001128,FBgn0001142,FBgn0001186,FBgn0001220,FBgn0001989,FBgn0002031,FBgn0002036,FBgn0002921,FBgn0003071,FBgn0003074,FBgn0003093,FBgn0003360,FBgn0003392,FBgn0003462,FBgn0003714,FBgn0004244,FBgn0004363,FBgn0004507,FBgn0004574,FBgn0004580,FBgn0004888,FBgn0004921,FBgn0005586,FBgn0005671,FBgn0010100,FBgn0010114,FBgn0010217,FBgn0010350,FBgn0010612,FBgn0011206,FBgn0011211,FBgn0011227,FBgn0011361,FBgn0011455,FBgn0012034,FBgn0013334,FBgn0013342,FBgn0013343,FBgn0013576,FBgn0013672,FBgn0013673,FBgn0013674,FBgn0013675,FBgn0013676,FBgn0013678,FBgn0013679,FBgn0013685,FBgn0013686,FBgn0013749,FBgn0013972,FBgn0014391,FBgn0014859,FBgn0014869,FBgn0014877,FBgn0015031,FBgn0015247,FBgn0015324,FBgn0016119,FBgn0016120,FBgn0016691,FBgn0017566,FBgn0017567,FBgn0019644,FBgn0019957,FBgn0020235,FBgn0021906,FBgn0021967,FBgn0022097,FBgn0022361,FBgn0025382,FBgn0025839,FBgn0025885,FBgn0026409,FBgn0026753,FBgn0027291,FBgn0027296,FBgn0027785,FBgn0027872,FBgn0028325,FBgn0028342,FBgn0028397,FBgn0028407,FBgn0028429,FBgn0028552,FBgn0028662,FBgn0028665,FBgn0028704,FBgn0028916,FBgn0029155,FBgn0029161,FBgn0029720,FBgn0029868,FBgn0029870,FBgn0029888,FBgn0030011,FBgn0030412,FBgn0030485,FBgn0030584,FBgn0030605,FBgn0030610,FBgn0030670,FBgn0030718,FBgn0030853,FBgn0031021,FBgn0031066,FBgn0031228,FBgn0031294,FBgn0031436,FBgn0031505,FBgn0031649,FBgn0031771,FBgn0032059,FBgn0032151,FBgn0032222,FBgn0032259,FBgn0032393,FBgn0032511,FBgn0032886,FBgn0032946,FBgn0033188,FBgn0033196,FBgn0033250,FBgn0033273,FBgn0033274,FBgn0033368,FBgn0033413,FBgn0033570,FBgn0033876,FBgn0033883,FBgn0033903,FBgn0033961,FBgn0034245,FBgn0034259,FBgn0034433,FBgn0034534,FBgn0034645,FBgn0034877,FBgn0034919,FBgn0034938,FBgn0035032,FBgn0035046,FBgn0035050,FBgn0035334,FBgn0035521,FBgn0035600,FBgn0035756,FBgn0035763,FBgn0036043,FBgn0036173,FBgn0036183,FBgn0036211,FBgn0036273,FBgn0036316,FBgn0036488,FBgn0036551,FBgn0036726,FBgn0036728,FBgn0036762,FBgn0036820,FBgn0036837,FBgn0036843,FBgn0036844,FBgn0036927,FBgn0037001,FBgn0037138,FBgn0037298,FBgn0037374,FBgn0037643,FBgn0037671,FBgn0037715,FBgn0037890,FBgn0037891,FBgn0037908,FBgn0037942,FBgn0038224,FBgn0038271,FBgn0038282,FBgn0038641,FBgn0038683,FBgn0038922,FBgn0039223,FBgn0039254,FBgn0039269,FBgn0039349,FBgn0039358,FBgn0039464,FBgn0039561,FBgn0039635,FBgn0039674,FBgn0039737,FBgn0039741,FBgn0039830,FBgn0039909,FBgn0039911,FBgn0040529,FBgn0041342,FBgn0041707,FBgn0043070,FBgn0043364,FBgn0047038,FBgn0051030,FBgn0052230,FBgn0052672,FBgn0053181,FBgn0053203,FBgn0053547,FBgn0085447,FBgn0086355,FBgn0086370,FBgn0086677,FBgn0086687,FBgn0086784,FBgn0250791,FBgn0250814,FBgn0250906,FBgn0260008,FBgn0260743,FBgn0260960,FBgn0260972,FBgn0261794,FBgn0262476,FBgn0262483,FBgn0262512,FBgn0262515,FBgn0262952,FBgn0263257,FBgn0263397,FBgn0263398,FBgn0263980,FBgn0264707,FBgn0265262,FBgn0265605,FBgn0266124,FBgn0266582,FBgn0266721,FBgn0267336,FBgn0267376,FBgn0267385,FBgn0270928	GO:0044699
cell-cell signaling	0.0012814998560421364	FBgn0000038,FBgn0000253,FBgn0002921,FBgn0003093,FBgn0003360,FBgn0003392,FBgn0004244,FBgn0004574,FBgn0005586,FBgn0010217,FBgn0011206,FBgn0013334,FBgn0013342,FBgn0013343,FBgn0013749,FBgn0014391,FBgn0016119,FBgn0028552,FBgn0030412,FBgn0032151,FBgn0033273,FBgn0033876,FBgn0034259,FBgn0035032,FBgn0035756,FBgn0039909,FBgn0039911,FBgn0053203,FBgn0053547,FBgn0085447,FBgn0086677,FBgn0086784,FBgn0250791,FBgn0250906,FBgn0262483,FBgn0263397,FBgn0263980,FBgn0266721	GO:0007267
aerobic respiration	0.0027610290502992642	FBgn0004888,FBgn0010100,FBgn0013674,FBgn0013676,FBgn0027291,FBgn0036762,FBgn0037643,FBgn0037891,FBgn0038922,FBgn0039358	GO:0009060
mitochondrion organization	0.005411209230302476	FBgn0001142,FBgn0001220,FBgn0003462,FBgn0004363,FBgn0013674,FBgn0014877,FBgn0029870,FBgn0030718,FBgn0033413,FBgn0034248,FBgn0036173,FBgn0036488,FBgn0036726,FBgn0037138,FBgn0037777,FBgn0038683,FBgn0039930,FBgn0086370	GO:0007005
mitochondrial transport	0.00561722238748661	FBgn0003360,FBgn0004363,FBgn0013672,FBgn0014877,FBgn0026409,FBgn0033903,FBgn0036173,FBgn0037715,FBgn0038683,FBgn0039223,FBgn0039561,FBgn0039674,FBgn0039741,FBgn0260743	GO:0006839
exocytosis	0.007840172816275276	FBgn0004574,FBgn0013342,FBgn0013343,FBgn0025382,FBgn0028552,FBgn0030412,FBgn0033876,FBgn0035756,FBgn0037374,FBgn0053547,FBgn0086784,FBgn0250791,FBgn0266721	GO:0006887
single-organism biosynthetic process	0.011067560655878125	FBgn0001142,FBgn0003074,FBgn0003360,FBgn0010217,FBgn0010350,FBgn0010612,FBgn0011211,FBgn0011361,FBgn0012034,FBgn0013672,FBgn0013673,FBgn0013972,FBgn0014391,FBgn0016119,FBgn0016120,FBgn0016691,FBgn0019644,FBgn0020235,FBgn0025885,FBgn0028325,FBgn0028342,FBgn0029870,FBgn0030485,FBgn0030670,FBgn0032222,FBgn0032393,FBgn0034938,FBgn0037138,FBgn0038224,FBgn0038641,FBgn0039254,FBgn0039635,FBgn0039830,FBgn0041342,FBgn0086687,FBgn0260960,FBgn0263398,FBgn0266124	GO:0044711
synaptic vesicle exocytosis	0.013095734755950706	FBgn0004574,FBgn0013342,FBgn0013343,FBgn0028552,FBgn0030412,FBgn0033876,FBgn0035756,FBgn0053547,FBgn0086784,FBgn0250791,FBgn0266721	GO:0016079
localization	0.017079802123556243	FBgn0000038,FBgn0000253,FBgn0000711,FBgn0001142,FBgn0002921,FBgn0003093,FBgn0003360,FBgn0003392,FBgn0004244,FBgn0004363,FBgn0004574,FBgn0004921,FBgn0005586,FBgn0005671,FBgn0010217,FBgn0010350,FBgn0010612,FBgn0011211,FBgn0013342,FBgn0013343,FBgn0013672,FBgn0013673,FBgn0013749,FBgn0014391,FBgn0014859,FBgn0014877,FBgn0015247,FBgn0015324,FBgn0016119,FBgn0016120,FBgn0016691,FBgn0019644,FBgn0020235,FBgn0022097,FBgn0025382,FBgn0026409,FBgn0026753,FBgn0027872,FBgn0028342,FBgn0028552,FBgn0028662,FBgn0028665,FBgn0028704,FBgn0029870,FBgn0030412,FBgn0030610,FBgn0031294,FBgn0031649,FBgn0032151,FBgn0032946,FBgn0033132,FBgn0033196,FBgn0033368,FBgn0033876,FBgn0033903,FBgn0033906,FBgn0034433,FBgn0034645,FBgn0035032,FBgn0035521,FBgn0035756,FBgn0035763,FBgn0036043,FBgn0036173,FBgn0036316,FBgn0036843,FBgn0037374,FBgn0037671,FBgn0037715,FBgn0038224,FBgn0038641,FBgn0038683,FBgn0039223,FBgn0039269,FBgn0039561,FBgn0039674,FBgn0039741,FBgn0039830,FBgn0041342,FBgn0051030,FBgn0052576,FBgn0053181,FBgn0053547,FBgn0086677,FBgn0086784,FBgn0250791,FBgn0260743,FBgn0261794,FBgn0262476,FBgn0262512,FBgn0262515,FBgn0263257,FBgn0263397,FBgn0263398,FBgn0265262,FBgn0266721,FBgn0270928	GO:0051179
acyl-CoA metabolic process	0.028684176170573464	FBgn0012034,FBgn0028325,FBgn0039635,FBgn0039737,FBgn0039854,FBgn0039993	GO:0006637
synaptic vesicle priming	0.028684176170573464	FBgn0004574,FBgn0028552,FBgn0030412,FBgn0035756,FBgn0250791,FBgn0266721	GO:0016082
thioester metabolic process	0.028684176170573464	FBgn0012034,FBgn0028325,FBgn0039635,FBgn0039737,FBgn0039854,FBgn0039993	GO:0035383
regulation of neurotransmitter levels	0.04801912801500767	FBgn0004574,FBgn0005586,FBgn0013342,FBgn0013343,FBgn0013749,FBgn0028552,FBgn0030412,FBgn0033876,FBgn0035756,FBgn0038641,FBgn0053547,FBgn0086784,FBgn0250791,FBgn0263397,FBgn0266721	GO:0001505